id,location,year,tele,revo_group,sum_revo_group,peasant_rebellions,worker_rebellions,commercial/other,treated,domestic_firm,foreign_firm,sino_foreign,droughts,flood,typhoon,earthquake,other disasters,customs,school,rice_price,price_level,coast,treaty,ln_quota,ln_pop,ln_size,south
1,直隶,1881,3.0,0.0,0.0,2.0,0.0,,0.0,0.0,1.0,0.0,0.0,0.0,,,,1.0,,32.702065,64.000008,4.0,1.0,7.9197202,17.18988,12.9029404,0.0
1,直隶,1882,0.0,0.0,0.0,0.0,2.0,,0.0,0.0,0.0,0.0,0.0,0.0,,1.0,,1.0,,40.078468,64.000008,4.0,1.0,7.9197202,17.18988,12.9029404,0.0
1,直隶,1883,19.0,0.0,0.0,1.0,0.0,,0.0,2.0,0.0,0.0,0.0,2.0,,,,1.0,,44.01255,61.000008,4.0,1.0,7.9197202,17.18988,12.9029404,0.0
1,直隶,1884,19.0,0.0,0.0,0.0,0.0,,0.0,2.0,0.0,0.0,0.0,1.0,,,,1.0,,41.553749,62.000008,4.0,1.0,7.9197202,17.18988,12.9029404,0.0
1,直隶,1885,2.0,0.0,0.0,0.0,1.0,,0.0,1.0,0.0,0.0,0.0,2.0,,,,1.0,,39.094948,63.000008,4.0,1.0,7.9197202,17.18988,12.9029404,0.0
1,直隶,1886,4.0,0.0,0.0,0.0,0.0,,0.0,0.0,1.0,1.0,0.0,2.0,,,,1.0,,48.438396,66.000008,4.0,1.0,7.9197202,17.18988,12.9029404,0.0
1,直隶,1887,14.0,0.0,0.0,1.0,0.0,,0.0,1.0,1.0,0.0,0.0,4.0,,,,1.0,,48.192516,69.000008,4.0,1.0,7.9197202,17.18988,12.9029404,0.0
1,直隶,1888,11.0,0.0,0.0,0.0,0.0,,0.0,0.0,1.0,0.0,0.0,2.0,,,1.0,1.0,,42.53727,70.000008,4.0,1.0,7.9197202,17.18988,12.9029404,0.0
1,直隶,1889,77.0,0.0,0.0,0.0,0.0,,0.0,2.0,1.0,0.0,0.0,0.0,,,1.0,1.0,,45.979591,71.000008,4.0,1.0,7.9197202,17.18988,12.9029404,0.0
1,直隶,1890,7.0,0.0,0.0,0.0,0.0,,0.0,0.0,4.0,0.0,0.0,1.0,,,,1.0,,52.618359,75.000008,4.0,1.0,7.9197202,17.18988,12.9029404,0.0
1,直隶,1891,62.0,0.0,0.0,0.0,2.0,,0.0,0.0,0.0,0.0,0.0,0.0,,,,1.0,,46.225471,71.000008,4.0,1.0,7.9197202,17.18988,12.9029404,0.0
1,直隶,1892,8.0,0.0,0.0,0.0,0.0,,0.0,2.0,0.0,0.0,0.0,2.0,,,1.0,1.0,,49.421917,66.000008,4.0,1.0,7.9197202,17.18988,12.9029404,0.0
1,直隶,1893,3.0,0.0,0.0,0.0,0.0,,0.0,0.0,1.0,0.0,0.0,2.0,,,,1.0,,50.159557,71.000008,4.0,1.0,7.9197202,17.18988,12.9029404,0.0
1,直隶,1894,20.0,1.0,1.0,0.0,0.0,,0.0,0.0,0.0,0.0,0.0,1.0,,,,1.0,,49.667797,74.000008,4.0,1.0,7.9197202,17.18988,12.9029404,0.0
1,直隶,1895,3.0,0.0,1.0,0.0,0.0,,0.0,1.0,0.0,0.0,0.0,2.0,,,,1.0,,51.880718,71.000008,4.0,1.0,7.9197202,17.18988,12.9029404,0.0
1,直隶,1896,6.0,0.0,1.0,0.0,0.0,,0.0,3.0,0.0,0.0,0.0,1.0,,,,1.0,,69.625519,72.000008,4.0,1.0,7.9197202,17.18988,12.9029404,0.0
1,直隶,1897,1.0,0.0,1.0,0.0,0.0,,0.0,1.0,1.0,0.0,0.0,1.0,,,,1.0,,65.46463,79.000008,4.0,1.0,7.9197202,17.18988,12.9029404,0.0
1,直隶,1898,1.0,0.0,1.0,0.0,0.0,,0.0,7.0,0.0,0.0,0.0,1.0,,,,1.0,1.0,81.137306,84.000008,4.0,1.0,7.9197202,17.18988,12.9029404,0.0
1,直隶,1899,1.0,0.0,1.0,0.0,0.0,,0.0,0.0,1.0,0.0,1.0,0.0,,,,1.0,,66.574203,93.000008,4.0,1.0,7.9197202,17.18988,12.9029404,0.0
1,直隶,1900,45.0,0.0,1.0,7.0,0.0,,1.0,0.0,0.0,0.0,0.0,0.0,,,,1.0,,61.858528,87.000008,4.0,1.0,7.9197202,17.18988,12.9029404,0.0
1,直隶,1901,45.0,0.0,1.0,0.0,0.0,,1.0,0.0,0.0,0.0,0.0,0.0,,,,2.0,,65.742027,81.000008,4.0,2.0,7.9197202,17.18988,12.9029404,0.0
1,直隶,1902,17.0,0.0,1.0,1.0,0.0,,1.0,3.0,1.0,0.0,0.0,1.0,,,,2.0,1.0,92.371704,97.000008,4.0,2.0,7.9197202,17.18988,12.9029404,0.0
1,直隶,1903,28.0,0.0,1.0,0.0,0.0,,1.0,4.0,0.0,0.0,0.0,0.0,,,,2.0,1.0,87.517334,103.00001,4.0,2.0,7.9197202,17.18988,12.9029404,0.0
1,直隶,1904,31.0,0.0,1.0,0.0,0.0,,1.0,3.0,0.0,0.0,0.0,1.0,,,,2.0,,76.005547,99.000008,4.0,2.0,7.9197202,17.18988,12.9029404,0.0
1,直隶,1905,19.0,1.0,2.0,0.0,0.0,1.0,1.0,3.0,0.0,0.0,0.0,0.0,1.0,,,2.0,2.0,59.778088,111.00001,4.0,2.0,7.9197202,17.18988,12.9029404,0.0
1,直隶,1906,4.0,1.0,3.0,0.0,0.0,,1.0,10.0,1.0,0.0,0.0,0.0,,,,2.0,,81.276009,100.00001,4.0,2.0,7.9197202,17.18988,12.9029404,0.0
1,直隶,1907,0.0,1.0,4.0,1.0,0.0,1.0,1.0,4.0,0.0,0.0,1.0,2.0,,,,2.0,,104.16089,104.00001,4.0,2.0,7.9197202,17.18988,12.9029404,0.0
1,直隶,1908,0.0,0.0,4.0,2.0,0.0,,1.0,11.0,0.0,0.0,0.0,1.0,,,,2.0,1.0,97.919556,110.00001,4.0,2.0,7.9197202,17.18988,12.9029404,0.0
1,直隶,1909,9.0,1.0,5.0,6.0,0.0,,1.0,9.0,0.0,0.0,0.0,0.0,,,,2.0,,78.085991,111.00001,4.0,2.0,7.9197202,17.18988,12.9029404,0.0
1,直隶,1910,1.0,0.0,5.0,1.0,0.0,1.0,1.0,8.0,0.0,1.0,0.0,0.0,,,,2.0,,99.167824,102.00001,4.0,2.0,7.9197202,17.18988,12.9029404,0.0
1,直隶,1911,6.0,13.0,18.0,0.0,0.0,,1.0,3.0,0.0,0.0,0.0,2.0,,,1.0,2.0,,110.67961,106.00001,4.0,2.0,7.9197202,17.18988,12.9029404,0.0
2,江苏,1881,0.0,0.0,0.0,0.0,0.0,,0.0,3.0,2.0,0.0,0.0,0.0,1.0,,,2.0,,32.702065,64.000008,6.0,1.0,7.4753389,17.199591,11.58474367,1.0
2,江苏,1882,0.0,0.0,0.0,0.0,0.0,,0.0,6.0,3.0,1.0,0.0,0.0,,,,2.0,,40.078468,64.000008,6.0,1.0,7.4753389,17.199591,11.58474367,1.0
2,江苏,1883,2.0,0.0,0.0,0.0,1.0,,0.0,3.0,0.0,0.0,0.0,0.0,,,,2.0,,44.01255,61.000008,6.0,1.0,7.4753389,17.199591,11.58474367,1.0
2,江苏,1884,3.0,0.0,0.0,0.0,0.0,,0.0,3.0,2.0,0.0,0.0,0.0,,,,2.0,,41.553749,62.000008,6.0,1.0,7.4753389,17.199591,11.58474367,1.0
2,江苏,1885,0.0,0.0,0.0,0.0,0.0,,0.0,1.0,1.0,0.0,0.0,1.0,,,,2.0,1.0,39.094948,63.000008,6.0,1.0,7.4753389,17.199591,11.58474367,1.0
2,江苏,1886,2.0,0.0,0.0,0.0,0.0,,0.0,4.0,1.0,0.0,0.0,0.0,,,,2.0,,48.438396,66.000008,6.0,1.0,7.4753389,17.199591,11.58474367,1.0
2,江苏,1887,0.0,0.0,0.0,0.0,0.0,,0.0,1.0,0.0,0.0,0.0,0.0,,,,2.0,,48.192516,69.000008,6.0,1.0,7.4753389,17.199591,11.58474367,1.0
2,江苏,1888,0.0,0.0,0.0,0.0,1.0,,0.0,6.0,1.0,0.0,1.0,1.0,,,,2.0,,42.53727,70.000008,6.0,1.0,7.4753389,17.199591,11.58474367,1.0
2,江苏,1889,21.0,0.0,0.0,0.0,0.0,1.0,0.0,4.0,2.0,0.0,0.0,1.0,,,,2.0,,45.979591,71.000008,6.0,1.0,7.4753389,17.199591,11.58474367,1.0
2,江苏,1890,2.0,0.0,0.0,0.0,1.0,,0.0,6.0,2.0,0.0,0.0,1.0,,,,2.0,1.0,52.618359,75.000008,6.0,1.0,7.4753389,17.199591,11.58474367,1.0
2,江苏,1891,0.0,0.0,0.0,0.0,1.0,,0.0,6.0,3.0,0.0,0.0,0.0,,,,2.0,,46.225471,71.000008,6.0,1.0,7.4753389,17.199591,11.58474367,1.0
2,江苏,1892,0.0,0.0,0.0,0.0,0.0,,0.0,1.0,3.0,0.0,1.0,0.0,,,,2.0,,49.421917,66.000008,6.0,1.0,7.4753389,17.199591,11.58474367,1.0
2,江苏,1893,0.0,0.0,0.0,0.0,0.0,,0.0,2.0,4.0,0.0,0.0,0.0,,,,2.0,,50.159557,71.000008,6.0,1.0,7.4753389,17.199591,11.58474367,1.0
2,江苏,1894,39.0,1.0,1.0,0.0,0.0,,0.0,8.0,1.0,0.0,0.0,0.0,,,,2.0,,49.667797,74.000008,6.0,1.0,7.4753389,17.199591,11.58474367,1.0
2,江苏,1895,2.0,0.0,1.0,0.0,1.0,,0.0,6.0,2.0,0.0,0.0,0.0,,,,2.0,,51.880718,71.000008,6.0,1.0,7.4753389,17.199591,11.58474367,1.0
2,江苏,1896,2.0,0.0,1.0,2.0,0.0,,0.0,18.0,2.0,0.0,0.0,0.0,,,,3.0,1.0,69.625519,72.000008,6.0,2.0,7.4753389,17.199591,11.58474367,1.0
2,江苏,1897,2.0,0.0,1.0,0.0,1.0,,0.0,10.0,5.0,0.0,0.0,1.0,,,,3.0,,65.46463,79.000008,6.0,2.0,7.4753389,17.199591,11.58474367,1.0
2,江苏,1898,1.0,0.0,1.0,0.0,2.0,,0.0,9.0,0.0,0.0,0.0,2.0,,,,3.0,,81.137306,84.000008,6.0,3.0,7.4753389,17.199591,11.58474367,1.0
2,江苏,1899,1.0,0.0,1.0,0.0,1.0,,0.0,8.0,0.0,0.0,0.0,0.0,,,,4.0,1.0,66.574203,93.000008,6.0,4.0,7.4753389,17.199591,11.58474367,1.0
2,江苏,1900,94.0,5.0,6.0,1.0,1.0,,1.0,6.0,1.0,1.0,0.0,0.0,,,,4.0,,61.858528,87.000008,6.0,4.0,7.4753389,17.199591,11.58474367,1.0
2,江苏,1901,89.0,1.0,7.0,0.0,0.0,,1.0,1.0,1.0,1.0,0.0,1.0,1.0,,,4.0,1.0,65.742027,81.000008,6.0,4.0,7.4753389,17.199591,11.58474367,1.0
2,江苏,1902,132.0,1.0,8.0,0.0,5.0,1.0,1.0,13.0,0.0,0.0,0.0,0.0,,,,4.0,1.0,92.371704,97.000008,6.0,4.0,7.4753389,17.199591,11.58474367,1.0
2,江苏,1903,37.0,18.0,26.0,1.0,3.0,,1.0,7.0,0.0,0.0,0.0,0.0,,,,4.0,,87.517334,103.00001,6.0,4.0,7.4753389,17.199591,11.58474367,1.0
2,江苏,1904,11.0,4.0,30.0,0.0,7.0,,1.0,16.0,0.0,0.0,0.0,0.0,,,,4.0,,76.005547,99.000008,6.0,4.0,7.4753389,17.199591,11.58474367,1.0
2,江苏,1905,4.0,0.0,30.0,3.0,8.0,5.0,1.0,19.0,3.0,0.0,1.0,1.0,1.0,,,4.0,1.0,59.778088,111.00001,6.0,4.0,7.4753389,17.199591,11.58474367,1.0
2,江苏,1906,40.0,10.0,40.0,3.0,6.0,2.0,1.0,35.0,2.0,0.0,0.0,2.0,,,,4.0,,81.276009,100.00001,6.0,4.0,7.4753389,17.199591,11.58474367,1.0
2,江苏,1907,53.0,4.0,44.0,2.0,0.0,,1.0,27.0,3.0,3.0,0.0,0.0,,,,4.0,,104.16089,104.00001,6.0,4.0,7.4753389,17.199591,11.58474367,1.0
2,江苏,1908,27.0,0.0,44.0,0.0,0.0,3.0,1.0,31.0,1.0,0.0,0.0,0.0,1.0,,1.0,4.0,1.0,97.919556,110.00001,6.0,4.0,7.4753389,17.199591,11.58474367,1.0
2,江苏,1909,29.0,4.0,48.0,1.0,4.0,1.0,1.0,32.0,2.0,0.0,0.0,1.0,,,,4.0,,78.085991,111.00001,6.0,4.0,7.4753389,17.199591,11.58474367,1.0
2,江苏,1910,27.0,3.0,51.0,0.0,3.0,3.0,1.0,17.0,0.0,1.0,0.0,0.0,,,,4.0,,99.167824,102.00001,6.0,4.0,7.4753389,17.199591,11.58474367,1.0
2,江苏,1911,12.0,17.0,68.0,0.0,5.0,3.0,1.0,21.0,2.0,0.0,0.0,2.0,,,,4.0,,110.67961,106.00001,6.0,4.0,7.4753389,17.199591,11.58474367,1.0
3,广东,1881,0.0,0.0,0.0,0.0,1.0,,0.0,2.0,0.0,0.0,0.0,0.0,,,,5.0,,32.702065,64.000008,8.0,3.0,7.4776039,17.09057,12.32906874,1.0
3,广东,1882,2.0,0.0,0.0,0.0,0.0,,0.0,4.0,0.0,0.0,0.0,0.0,,,,5.0,,40.078468,64.000008,8.0,3.0,7.4776039,17.09057,12.32906874,1.0
3,广东,1883,2.0,0.0,0.0,0.0,1.0,,0.0,1.0,0.0,0.0,0.0,0.0,,,,5.0,,44.01255,61.000008,8.0,3.0,7.4776039,17.09057,12.32906874,1.0
3,广东,1884,17.0,0.0,0.0,0.0,0.0,,0.0,2.0,0.0,0.0,0.0,0.0,1.0,,,5.0,,41.553749,62.000008,8.0,3.0,7.4776039,17.09057,12.32906874,1.0
3,广东,1885,13.0,0.0,0.0,0.0,0.0,,0.0,1.0,0.0,0.0,0.0,1.0,,,,5.0,,39.094948,63.000008,8.0,3.0,7.4776039,17.09057,12.32906874,1.0
3,广东,1886,1.0,1.0,1.0,0.0,0.0,,0.0,5.0,0.0,0.0,0.0,0.0,,,,5.0,,48.438396,66.000008,8.0,3.0,7.4776039,17.09057,12.32906874,1.0
3,广东,1887,0.0,0.0,1.0,0.0,0.0,,0.0,1.0,0.0,0.0,0.0,0.0,1.0,,,5.0,2.0,48.192516,69.000008,8.0,4.0,7.4776039,17.09057,12.32906874,1.0
3,广东,1888,0.0,0.0,1.0,0.0,0.0,,0.0,8.0,0.0,1.0,0.0,2.0,,,,5.0,,42.53727,70.000008,8.0,4.0,7.4776039,17.09057,12.32906874,1.0
3,广东,1889,6.0,0.0,1.0,0.0,0.0,,0.0,10.0,0.0,0.0,0.0,1.0,,,,5.0,,45.979591,71.000008,8.0,4.0,7.4776039,17.09057,12.32906874,1.0
3,广东,1890,0.0,0.0,1.0,0.0,0.0,,0.0,6.0,0.0,0.0,0.0,0.0,,,,5.0,,52.618359,75.000008,8.0,4.0,7.4776039,17.09057,12.32906874,1.0
3,广东,1891,0.0,0.0,1.0,0.0,0.0,,0.0,3.0,0.0,0.0,0.0,0.0,,,,5.0,,46.225471,71.000008,8.0,4.0,7.4776039,17.09057,12.32906874,1.0
3,广东,1892,0.0,0.0,1.0,0.0,0.0,,0.0,4.0,0.0,0.0,0.0,0.0,,,,5.0,,49.421917,66.000008,8.0,4.0,7.4776039,17.09057,12.32906874,1.0
3,广东,1893,0.0,3.0,4.0,0.0,0.0,,0.0,7.0,0.0,0.0,0.0,0.0,,,,5.0,,50.159557,71.000008,8.0,4.0,7.4776039,17.09057,12.32906874,1.0
3,广东,1894,6.0,0.0,4.0,0.0,0.0,,0.0,1.0,0.0,0.0,0.0,1.0,2.0,,,5.0,,49.667797,74.000008,8.0,4.0,7.4776039,17.09057,12.32906874,1.0
3,广东,1895,0.0,4.0,8.0,0.0,0.0,,0.0,0.0,0.0,0.0,0.0,0.0,,1.0,,5.0,,51.880718,71.000008,8.0,4.0,7.4776039,17.09057,12.32906874,1.0
3,广东,1896,0.0,0.0,8.0,0.0,0.0,,0.0,1.0,0.0,0.0,0.0,0.0,,,,5.0,,69.625519,72.000008,8.0,4.0,7.4776039,17.09057,12.32906874,1.0
3,广东,1897,0.0,0.0,8.0,0.0,0.0,,0.0,0.0,0.0,0.0,0.0,1.0,1.0,,,7.0,,65.46463,79.000008,8.0,5.0,7.4776039,17.09057,12.32906874,1.0
3,广东,1898,0.0,0.0,8.0,1.0,0.0,,0.0,2.0,0.0,0.0,0.0,0.0,,,,7.0,,81.137306,84.000008,8.0,5.0,7.4776039,17.09057,12.32906874,1.0
3,广东,1899,1.0,0.0,8.0,0.0,0.0,,0.0,2.0,0.0,0.0,0.0,1.0,,,,7.0,,66.574203,93.000008,8.0,5.0,7.4776039,17.09057,12.32906874,1.0
3,广东,1900,10.0,6.0,14.0,0.0,0.0,,1.0,0.0,0.0,0.0,0.0,0.0,,,,7.0,,61.858528,87.000008,8.0,5.0,7.4776039,17.09057,12.32906874,1.0
3,广东,1901,8.0,0.0,14.0,0.0,0.0,,1.0,0.0,0.0,0.0,0.0,0.0,,,,7.0,,65.742027,81.000008,8.0,5.0,7.4776039,17.09057,12.32906874,1.0
3,广东,1902,6.0,5.0,19.0,0.0,0.0,,1.0,2.0,0.0,0.0,0.0,0.0,,,,7.0,,92.371704,97.000008,8.0,5.0,7.4776039,17.09057,12.32906874,1.0
3,广东,1903,3.0,0.0,19.0,0.0,1.0,,1.0,1.0,0.0,0.0,0.0,0.0,,,,7.0,,87.517334,103.00001,8.0,5.0,7.4776039,17.09057,12.32906874,1.0
3,广东,1904,8.0,0.0,19.0,1.0,0.0,,1.0,5.0,0.0,0.0,0.0,0.0,,,,8.0,,76.005547,99.000008,8.0,6.0,7.4776039,17.09057,12.32906874,1.0
3,广东,1905,1.0,5.0,24.0,2.0,0.0,,1.0,6.0,1.0,0.0,0.0,0.0,,,,8.0,,59.778088,111.00001,8.0,6.0,7.4776039,17.09057,12.32906874,1.0
3,广东,1906,3.0,2.0,26.0,1.0,0.0,,1.0,7.0,0.0,0.0,0.0,1.0,2.0,,,8.0,,81.276009,100.00001,8.0,6.0,7.4776039,17.09057,12.32906874,1.0
3,广东,1907,0.0,19.0,45.0,1.0,0.0,,1.0,7.0,0.0,0.0,0.0,0.0,1.0,,,8.0,,104.16089,104.00001,8.0,6.0,7.4776039,17.09057,12.32906874,1.0
3,广东,1908,2.0,6.0,51.0,0.0,0.0,1.0,1.0,8.0,0.0,0.0,0.0,4.0,2.0,,,8.0,,97.919556,110.00001,8.0,8.0,7.4776039,17.09057,12.32906874,1.0
3,广东,1909,3.0,7.0,58.0,0.0,0.0,1.0,1.0,3.0,0.0,0.0,0.0,1.0,1.0,,,8.0,,78.085991,111.00001,8.0,8.0,7.4776039,17.09057,12.32906874,1.0
3,广东,1910,0.0,2.0,60.0,1.0,0.0,1.0,1.0,10.0,0.0,0.0,0.0,1.0,1.0,,,8.0,,99.167824,102.00001,8.0,8.0,7.4776039,17.09057,12.32906874,1.0
3,广东,1911,9.0,56.0,116.0,3.0,0.0,,1.0,2.0,0.0,0.0,0.0,1.0,,,,8.0,,110.67961,106.00001,8.0,8.0,7.4776039,17.09057,12.32906874,1.0
4,广西,1881,0.0,0.0,0.0,0.0,0.0,,0.0,0.0,0.0,0.0,0.0,1.0,,,,0.0,,32.702065,64.000008,2.0,1.0,7.0228682,16.348551,12.31104058,1.0
4,广西,1882,0.0,0.0,0.0,0.0,0.0,,0.0,0.0,0.0,0.0,0.0,0.0,,,,0.0,,40.078468,64.000008,2.0,1.0,7.0228682,16.348551,12.31104058,1.0
4,广西,1883,0.0,0.0,0.0,0.0,0.0,,0.0,0.0,0.0,0.0,0.0,0.0,,,,0.0,,44.01255,61.000008,2.0,1.0,7.0228682,16.348551,12.31104058,1.0
4,广西,1884,0.0,0.0,0.0,0.0,0.0,,0.0,0.0,0.0,0.0,0.0,0.0,,,,0.0,,41.553749,62.000008,2.0,1.0,7.0228682,16.348551,12.31104058,1.0
4,广西,1885,0.0,0.0,0.0,0.0,0.0,,0.0,0.0,0.0,0.0,0.0,1.0,,,,0.0,,39.094948,63.000008,2.0,1.0,7.0228682,16.348551,12.31104058,1.0
4,广西,1886,0.0,0.0,0.0,0.0,0.0,,0.0,0.0,0.0,0.0,0.0,0.0,,,,0.0,,48.438396,66.000008,2.0,1.0,7.0228682,16.348551,12.31104058,1.0
4,广西,1887,0.0,0.0,0.0,0.0,0.0,,0.0,0.0,0.0,0.0,1.0,0.0,,,,0.0,,48.192516,69.000008,2.0,1.0,7.0228682,16.348551,12.31104058,1.0
4,广西,1888,0.0,0.0,0.0,0.0,0.0,,0.0,0.0,0.0,0.0,0.0,1.0,,,,0.0,,42.53727,70.000008,2.0,1.0,7.0228682,16.348551,12.31104058,1.0
4,广西,1889,0.0,0.0,0.0,0.0,0.0,,0.0,1.0,0.0,0.0,0.0,0.0,,,,1.0,1.0,45.979591,71.000008,2.0,2.0,7.0228682,16.348551,12.31104058,1.0
4,广西,1890,0.0,0.0,0.0,0.0,0.0,,0.0,0.0,0.0,0.0,0.0,0.0,,,,1.0,,52.618359,75.000008,2.0,2.0,7.0228682,16.348551,12.31104058,1.0
4,广西,1891,0.0,0.0,0.0,0.0,0.0,,0.0,0.0,0.0,0.0,0.0,0.0,,,,1.0,,46.225471,71.000008,2.0,2.0,7.0228682,16.348551,12.31104058,1.0
4,广西,1892,0.0,0.0,0.0,0.0,0.0,,0.0,0.0,0.0,0.0,0.0,0.0,,,,1.0,,49.421917,66.000008,2.0,2.0,7.0228682,16.348551,12.31104058,1.0
4,广西,1893,0.0,0.0,0.0,0.0,0.0,,0.0,0.0,0.0,0.0,0.0,1.0,,,,1.0,,50.159557,71.000008,2.0,2.0,7.0228682,16.348551,12.31104058,1.0
4,广西,1894,0.0,0.0,0.0,0.0,0.0,,0.0,0.0,0.0,0.0,0.0,0.0,,,,1.0,,49.667797,74.000008,2.0,2.0,7.0228682,16.348551,12.31104058,1.0
4,广西,1895,0.0,0.0,0.0,0.0,0.0,,0.0,0.0,0.0,0.0,0.0,1.0,,,,1.0,,51.880718,71.000008,2.0,2.0,7.0228682,16.348551,12.31104058,1.0
4,广西,1896,0.0,0.0,0.0,0.0,0.0,,0.0,2.0,0.0,0.0,0.0,0.0,,,,1.0,,69.625519,72.000008,2.0,2.0,7.0228682,16.348551,12.31104058,1.0
4,广西,1897,0.0,0.0,0.0,0.0,0.0,,0.0,0.0,0.0,0.0,0.0,0.0,,,,2.0,,65.46463,79.000008,2.0,3.0,7.0228682,16.348551,12.31104058,1.0
4,广西,1898,0.0,0.0,0.0,0.0,0.0,,0.0,0.0,0.0,0.0,0.0,0.0,,,,2.0,,81.137306,84.000008,2.0,3.0,7.0228682,16.348551,12.31104058,1.0
4,广西,1899,1.0,0.0,0.0,0.0,0.0,,0.0,0.0,0.0,0.0,0.0,0.0,,,,2.0,,66.574203,93.000008,2.0,3.0,7.0228682,16.348551,12.31104058,1.0
4,广西,1900,3.0,0.0,0.0,0.0,0.0,,1.0,0.0,0.0,0.0,0.0,0.0,,,,2.0,,61.858528,87.000008,2.0,3.0,7.0228682,16.348551,12.31104058,1.0
4,广西,1901,3.0,0.0,0.0,0.0,0.0,,1.0,0.0,0.0,0.0,0.0,0.0,,,,2.0,,65.742027,81.000008,2.0,3.0,7.0228682,16.348551,12.31104058,1.0
4,广西,1902,3.0,0.0,0.0,0.0,0.0,,1.0,2.0,0.0,0.0,0.0,0.0,,,,2.0,,92.371704,97.000008,2.0,3.0,7.0228682,16.348551,12.31104058,1.0
4,广西,1903,1.0,0.0,0.0,0.0,0.0,,1.0,0.0,0.0,0.0,0.0,0.0,,,,2.0,,87.517334,103.00001,2.0,3.0,7.0228682,16.348551,12.31104058,1.0
4,广西,1904,0.0,0.0,0.0,0.0,0.0,,1.0,0.0,0.0,0.0,0.0,0.0,,,,2.0,,76.005547,99.000008,2.0,3.0,7.0228682,16.348551,12.31104058,1.0
4,广西,1905,0.0,1.0,1.0,0.0,0.0,1.0,1.0,0.0,0.0,0.0,0.0,0.0,,,,2.0,,59.778088,111.00001,2.0,3.0,7.0228682,16.348551,12.31104058,1.0
4,广西,1906,1.0,0.0,1.0,0.0,0.0,,1.0,3.0,0.0,0.0,0.0,0.0,,,,2.0,,81.276009,100.00001,2.0,3.0,7.0228682,16.348551,12.31104058,1.0
4,广西,1907,0.0,7.0,8.0,0.0,0.0,1.0,1.0,3.0,0.0,0.0,0.0,1.0,,,,2.0,,104.16089,104.00001,2.0,3.0,7.0228682,16.348551,12.31104058,1.0
4,广西,1908,1.0,2.0,10.0,0.0,0.0,1.0,1.0,2.0,0.0,0.0,0.0,1.0,,,,2.0,,97.919556,110.00001,2.0,3.0,7.0228682,16.348551,12.31104058,1.0
4,广西,1909,0.0,1.0,11.0,1.0,0.0,,1.0,2.0,0.0,0.0,0.0,0.0,,,,2.0,,78.085991,111.00001,2.0,3.0,7.0228682,16.348551,12.31104058,1.0
4,广西,1910,0.0,1.0,12.0,3.0,0.0,1.0,1.0,1.0,0.0,0.0,0.0,0.0,,,,2.0,,99.167824,102.00001,2.0,3.0,7.0228682,16.348551,12.31104058,1.0
4,广西,1911,5.0,3.0,15.0,0.0,0.0,,1.0,0.0,0.0,0.0,0.0,0.0,,,,2.0,,110.67961,106.00001,2.0,3.0,7.0228682,16.348551,12.31104058,1.0
5,四川,1881,0.0,0.0,0.0,0.0,0.0,,0.0,0.0,0.0,0.0,1.0,1.0,,,1.0,0.0,,32.702065,64.000008,0.0,0.0,7.6093659,17.380671,13.34868268,1.0
5,四川,1882,0.0,0.0,0.0,0.0,0.0,,0.0,0.0,0.0,0.0,0.0,1.0,,,1.0,0.0,,40.078468,64.000008,0.0,0.0,7.6093659,17.380671,13.34868268,1.0
5,四川,1883,0.0,0.0,0.0,0.0,0.0,,0.0,0.0,0.0,0.0,0.0,0.0,,,,0.0,,44.01255,61.000008,0.0,0.0,7.6093659,17.380671,13.34868268,1.0
5,四川,1884,0.0,0.0,0.0,0.0,0.0,,0.0,2.0,0.0,0.0,0.0,1.0,,,1.0,0.0,,41.553749,62.000008,0.0,0.0,7.6093659,17.380671,13.34868268,1.0
5,四川,1885,0.0,0.0,0.0,0.0,0.0,,0.0,0.0,0.0,0.0,1.0,0.0,,,,0.0,,39.094948,63.000008,0.0,0.0,7.6093659,17.380671,13.34868268,1.0
5,四川,1886,0.0,0.0,0.0,0.0,0.0,1.0,0.0,0.0,0.0,0.0,0.0,1.0,,,,0.0,,48.438396,66.000008,0.0,0.0,7.6093659,17.380671,13.34868268,1.0
5,四川,1887,0.0,0.0,0.0,0.0,0.0,,0.0,0.0,0.0,0.0,0.0,0.0,,,,0.0,,48.192516,69.000008,0.0,0.0,7.6093659,17.380671,13.34868268,1.0
5,四川,1888,0.0,0.0,0.0,0.0,0.0,,0.0,0.0,0.0,0.0,0.0,0.0,,,1.0,0.0,,42.53727,70.000008,0.0,0.0,7.6093659,17.380671,13.34868268,1.0
5,四川,1889,0.0,0.0,0.0,0.0,0.0,,0.0,3.0,0.0,0.0,0.0,1.0,,,,0.0,,45.979591,71.000008,0.0,0.0,7.6093659,17.380671,13.34868268,1.0
5,四川,1890,0.0,0.0,0.0,0.0,1.0,,0.0,0.0,0.0,0.0,0.0,0.0,,,,0.0,,52.618359,75.000008,0.0,0.0,7.6093659,17.380671,13.34868268,1.0
5,四川,1891,0.0,0.0,0.0,1.0,0.0,,0.0,0.0,0.0,0.0,0.0,0.0,,,,1.0,,46.225471,71.000008,0.0,1.0,7.6093659,17.380671,13.34868268,1.0
5,四川,1892,0.0,0.0,0.0,0.0,0.0,,0.0,1.0,0.0,0.0,0.0,0.0,,,,1.0,,49.421917,66.000008,0.0,1.0,7.6093659,17.380671,13.34868268,1.0
5,四川,1893,0.0,0.0,0.0,0.0,0.0,,0.0,1.0,0.0,0.0,0.0,0.0,,1.0,,1.0,,50.159557,71.000008,0.0,1.0,7.6093659,17.380671,13.34868268,1.0
5,四川,1894,0.0,0.0,0.0,0.0,0.0,,0.0,2.0,0.0,0.0,0.0,0.0,,,,1.0,,49.667797,74.000008,0.0,1.0,7.6093659,17.380671,13.34868268,1.0
5,四川,1895,0.0,0.0,0.0,0.0,0.0,,0.0,1.0,0.0,0.0,0.0,0.0,,,1.0,1.0,,51.880718,71.000008,0.0,1.0,7.6093659,17.380671,13.34868268,1.0
5,四川,1896,0.0,0.0,0.0,0.0,0.0,,0.0,2.0,1.0,0.0,0.0,1.0,,,,1.0,,69.625519,72.000008,0.0,1.0,7.6093659,17.380671,13.34868268,1.0
5,四川,1897,0.0,0.0,0.0,0.0,0.0,,0.0,1.0,1.0,0.0,0.0,0.0,,,,1.0,,65.46463,79.000008,0.0,1.0,7.6093659,17.380671,13.34868268,1.0
5,四川,1898,0.0,0.0,0.0,0.0,0.0,,0.0,0.0,0.0,0.0,0.0,2.0,,,,1.0,,81.137306,84.000008,0.0,1.0,7.6093659,17.380671,13.34868268,1.0
5,四川,1899,1.0,0.0,0.0,0.0,0.0,,0.0,5.0,3.0,0.0,0.0,0.0,,,,1.0,,66.574203,93.000008,0.0,1.0,7.6093659,17.380671,13.34868268,1.0
5,四川,1900,13.0,0.0,0.0,0.0,0.0,,1.0,1.0,1.0,0.0,1.0,1.0,,,,1.0,,61.858528,87.000008,0.0,1.0,7.6093659,17.380671,13.34868268,1.0
5,四川,1901,3.0,0.0,0.0,0.0,0.0,,1.0,1.0,0.0,0.0,0.0,0.0,,,,1.0,,65.742027,81.000008,0.0,1.0,7.6093659,17.380671,13.34868268,1.0
5,四川,1902,9.0,0.0,0.0,0.0,0.0,,1.0,5.0,0.0,0.0,1.0,0.0,,,,1.0,,92.371704,97.000008,0.0,1.0,7.6093659,17.380671,13.34868268,1.0
5,四川,1903,0.0,0.0,0.0,0.0,0.0,,1.0,2.0,1.0,0.0,0.0,1.0,,,,1.0,1.0,87.517334,103.00001,0.0,1.0,7.6093659,17.380671,13.34868268,1.0
5,四川,1904,0.0,0.0,0.0,0.0,1.0,,1.0,6.0,6.0,1.0,3.0,1.0,,1.0,,1.0,,76.005547,99.000008,0.0,1.0,7.6093659,17.380671,13.34868268,1.0
5,四川,1905,0.0,0.0,0.0,0.0,0.0,1.0,1.0,8.0,0.0,0.0,0.0,0.0,,,,1.0,,59.778088,111.00001,0.0,1.0,7.6093659,17.380671,13.34868268,1.0
5,四川,1906,3.0,0.0,0.0,0.0,0.0,,1.0,7.0,0.0,0.0,0.0,0.0,,,,1.0,,81.276009,100.00001,0.0,1.0,7.6093659,17.380671,13.34868268,1.0
5,四川,1907,11.0,1.0,1.0,0.0,0.0,,1.0,2.0,0.0,0.0,0.0,1.0,,,1.0,1.0,,104.16089,104.00001,0.0,1.0,7.6093659,17.380671,13.34868268,1.0
5,四川,1908,1.0,0.0,1.0,0.0,0.0,,1.0,8.0,0.0,0.0,0.0,0.0,,,,1.0,,97.919556,110.00001,0.0,1.0,7.6093659,17.380671,13.34868268,1.0
5,四川,1909,1.0,0.0,1.0,2.0,0.0,1.0,1.0,5.0,0.0,0.0,0.0,0.0,,,,1.0,,78.085991,111.00001,0.0,1.0,7.6093659,17.380671,13.34868268,1.0
5,四川,1910,3.0,0.0,1.0,0.0,0.0,1.0,1.0,2.0,0.0,0.0,0.0,0.0,,,,1.0,,99.167824,102.00001,0.0,1.0,7.6093659,17.380671,13.34868268,1.0
5,四川,1911,42.0,4.0,5.0,3.0,0.0,4.0,1.0,3.0,0.0,0.0,0.0,0.0,,,,1.0,,110.67961,106.00001,0.0,1.0,7.6093659,17.380671,13.34868268,1.0
6,湖北,1881,0.0,0.0,0.0,0.0,0.0,,0.0,1.0,0.0,0.0,0.0,0.0,,,,2.0,,32.702065,64.000008,0.0,2.0,7.3414841,16.758101,12.12139128,1.0
6,湖北,1882,0.0,0.0,0.0,0.0,0.0,,0.0,1.0,0.0,0.0,1.0,2.0,,,1.0,2.0,,40.078468,64.000008,0.0,2.0,7.3414841,16.758101,12.12139128,1.0
6,湖北,1883,0.0,0.0,0.0,0.0,0.0,,0.0,0.0,0.0,0.0,0.0,1.0,,,1.0,2.0,,44.01255,61.000008,0.0,2.0,7.3414841,16.758101,12.12139128,1.0
6,湖北,1884,0.0,0.0,0.0,0.0,0.0,,0.0,0.0,0.0,0.0,0.0,0.0,,,1.0,2.0,,41.553749,62.000008,0.0,2.0,7.3414841,16.758101,12.12139128,1.0
6,湖北,1885,0.0,0.0,0.0,0.0,0.0,,0.0,0.0,0.0,0.0,0.0,0.0,,,,2.0,,39.094948,63.000008,0.0,2.0,7.3414841,16.758101,12.12139128,1.0
6,湖北,1886,0.0,0.0,0.0,0.0,0.0,,0.0,0.0,0.0,0.0,0.0,0.0,,,,2.0,,48.438396,66.000008,0.0,2.0,7.3414841,16.758101,12.12139128,1.0
6,湖北,1887,0.0,0.0,0.0,0.0,0.0,,0.0,0.0,0.0,0.0,0.0,2.0,,,,2.0,,48.192516,69.000008,0.0,2.0,7.3414841,16.758101,12.12139128,1.0
6,湖北,1888,0.0,0.0,0.0,0.0,0.0,,0.0,0.0,0.0,0.0,0.0,0.0,,,,2.0,,42.53727,70.000008,0.0,2.0,7.3414841,16.758101,12.12139128,1.0
6,湖北,1889,11.0,0.0,0.0,0.0,0.0,,0.0,0.0,0.0,0.0,0.0,1.0,,,,2.0,,45.979591,71.000008,0.0,2.0,7.3414841,16.758101,12.12139128,1.0
6,湖北,1890,4.0,0.0,0.0,0.0,0.0,,0.0,2.0,0.0,0.0,0.0,0.0,,,,2.0,1.0,52.618359,75.000008,0.0,2.0,7.3414841,16.758101,12.12139128,1.0
6,湖北,1891,0.0,0.0,0.0,0.0,0.0,,0.0,4.0,0.0,0.0,0.0,0.0,,,,2.0,,46.225471,71.000008,0.0,2.0,7.3414841,16.758101,12.12139128,1.0
6,湖北,1892,2.0,0.0,0.0,0.0,0.0,,0.0,0.0,0.0,0.0,0.0,1.0,,,,2.0,,49.421917,66.000008,0.0,2.0,7.3414841,16.758101,12.12139128,1.0
6,湖北,1893,2.0,0.0,0.0,0.0,0.0,,0.0,4.0,0.0,0.0,0.0,0.0,,,,2.0,,50.159557,71.000008,0.0,2.0,7.3414841,16.758101,12.12139128,1.0
6,湖北,1894,36.0,0.0,0.0,0.0,0.0,,0.0,1.0,0.0,0.0,0.0,0.0,,,,2.0,,49.667797,74.000008,0.0,2.0,7.3414841,16.758101,12.12139128,1.0
6,湖北,1895,1.0,0.0,0.0,0.0,0.0,,0.0,2.0,0.0,0.0,1.0,2.0,,,,2.0,,51.880718,71.000008,0.0,2.0,7.3414841,16.758101,12.12139128,1.0
6,湖北,1896,1.0,0.0,0.0,0.0,0.0,,0.0,2.0,0.0,0.0,0.0,1.0,,,,3.0,,69.625519,72.000008,0.0,3.0,7.3414841,16.758101,12.12139128,1.0
6,湖北,1897,2.0,0.0,0.0,0.0,0.0,,0.0,4.0,0.0,0.0,0.0,1.0,,,,3.0,,65.46463,79.000008,0.0,3.0,7.3414841,16.758101,12.12139128,1.0
6,湖北,1898,3.0,0.0,0.0,1.0,0.0,,0.0,4.0,1.0,0.0,0.0,0.0,,,,3.0,2.0,81.137306,84.000008,0.0,3.0,7.3414841,16.758101,12.12139128,1.0
6,湖北,1899,2.0,0.0,0.0,0.0,0.0,,0.0,1.0,0.0,0.0,0.0,1.0,,,,3.0,1.0,66.574203,93.000008,0.0,3.0,7.3414841,16.758101,12.12139128,1.0
6,湖北,1900,15.0,2.0,2.0,0.0,0.0,,1.0,0.0,0.0,0.0,0.0,0.0,,,,3.0,,61.858528,87.000008,0.0,3.0,7.3414841,16.758101,12.12139128,1.0
6,湖北,1901,7.0,0.0,2.0,0.0,0.0,,1.0,0.0,0.0,0.0,0.0,1.0,,,,3.0,,65.742027,81.000008,0.0,3.0,7.3414841,16.758101,12.12139128,1.0
6,湖北,1902,89.0,0.0,2.0,0.0,0.0,,1.0,1.0,0.0,1.0,0.0,0.0,,,,3.0,,92.371704,97.000008,0.0,3.0,7.3414841,16.758101,12.12139128,1.0
6,湖北,1903,6.0,0.0,2.0,0.0,0.0,,1.0,3.0,0.0,0.0,0.0,1.0,,,,3.0,,87.517334,103.00001,0.0,3.0,7.3414841,16.758101,12.12139128,1.0
6,湖北,1904,19.0,2.0,4.0,0.0,0.0,,1.0,6.0,0.0,0.0,0.0,0.0,,,,3.0,,76.005547,99.000008,0.0,3.0,7.3414841,16.758101,12.12139128,1.0
6,湖北,1905,12.0,0.0,4.0,0.0,0.0,1.0,1.0,4.0,1.0,0.0,0.0,2.0,,,,3.0,,59.778088,111.00001,0.0,3.0,7.3414841,16.758101,12.12139128,1.0
6,湖北,1906,7.0,3.0,7.0,1.0,1.0,,1.0,9.0,1.0,0.0,0.0,1.0,,,,3.0,,81.276009,100.00001,0.0,3.0,7.3414841,16.758101,12.12139128,1.0
6,湖北,1907,9.0,0.0,7.0,1.0,0.0,,1.0,7.0,0.0,1.0,0.0,0.0,,,,3.0,,104.16089,104.00001,0.0,3.0,7.3414841,16.758101,12.12139128,1.0
6,湖北,1908,9.0,2.0,9.0,0.0,0.0,2.0,1.0,5.0,1.0,0.0,0.0,1.0,2.0,,,3.0,1.0,97.919556,110.00001,0.0,3.0,7.3414841,16.758101,12.12139128,1.0
6,湖北,1909,50.0,3.0,12.0,0.0,2.0,1.0,1.0,5.0,0.0,1.0,0.0,1.0,,,,3.0,,78.085991,111.00001,0.0,3.0,7.3414841,16.758101,12.12139128,1.0
6,湖北,1910,37.0,3.0,15.0,1.0,0.0,,1.0,5.0,0.0,0.0,0.0,1.0,,,,3.0,,99.167824,102.00001,0.0,3.0,7.3414841,16.758101,12.12139128,1.0
6,湖北,1911,98.0,24.0,39.0,2.0,0.0,3.0,1.0,1.0,0.0,0.0,0.0,2.0,,,,3.0,,110.67961,106.00001,0.0,3.0,7.3414841,16.758101,12.12139128,1.0
7,湖南,1881,0.0,0.0,0.0,0.0,0.0,,0.0,0.0,0.0,0.0,0.0,0.0,,,,0.0,,32.702065,64.000008,0.0,0.0,7.4235678,16.929501,12.26704544,1.0
7,湖南,1882,0.0,0.0,0.0,0.0,0.0,,0.0,0.0,0.0,0.0,0.0,0.0,,,,0.0,,40.078468,64.000008,0.0,0.0,7.4235678,16.929501,12.26704544,1.0
7,湖南,1883,0.0,0.0,0.0,0.0,0.0,,0.0,0.0,0.0,0.0,0.0,0.0,,,,0.0,,44.01255,61.000008,0.0,0.0,7.4235678,16.929501,12.26704544,1.0
7,湖南,1884,0.0,0.0,0.0,0.0,0.0,,0.0,0.0,0.0,0.0,0.0,0.0,,,,0.0,,41.553749,62.000008,0.0,0.0,7.4235678,16.929501,12.26704544,1.0
7,湖南,1885,0.0,0.0,0.0,0.0,0.0,,0.0,0.0,0.0,0.0,0.0,1.0,,,,0.0,,39.094948,63.000008,0.0,0.0,7.4235678,16.929501,12.26704544,1.0
7,湖南,1886,0.0,0.0,0.0,0.0,0.0,,0.0,0.0,0.0,0.0,0.0,0.0,,,,0.0,,48.438396,66.000008,0.0,0.0,7.4235678,16.929501,12.26704544,1.0
7,湖南,1887,0.0,0.0,0.0,0.0,0.0,,0.0,0.0,0.0,0.0,0.0,0.0,,,,0.0,,48.192516,69.000008,0.0,0.0,7.4235678,16.929501,12.26704544,1.0
7,湖南,1888,0.0,0.0,0.0,0.0,0.0,,0.0,0.0,0.0,0.0,0.0,0.0,,,,0.0,,42.53727,70.000008,0.0,0.0,7.4235678,16.929501,12.26704544,1.0
7,湖南,1889,3.0,0.0,0.0,0.0,0.0,,0.0,0.0,0.0,0.0,0.0,0.0,,,,0.0,,45.979591,71.000008,0.0,0.0,7.4235678,16.929501,12.26704544,1.0
7,湖南,1890,0.0,0.0,0.0,0.0,0.0,,0.0,0.0,0.0,0.0,0.0,0.0,,,,0.0,,52.618359,75.000008,0.0,0.0,7.4235678,16.929501,12.26704544,1.0
7,湖南,1891,0.0,0.0,0.0,1.0,0.0,,0.0,1.0,0.0,0.0,0.0,0.0,,,,0.0,,46.225471,71.000008,0.0,0.0,7.4235678,16.929501,12.26704544,1.0
7,湖南,1892,0.0,0.0,0.0,0.0,0.0,,0.0,0.0,0.0,0.0,0.0,1.0,,,,0.0,,49.421917,66.000008,0.0,0.0,7.4235678,16.929501,12.26704544,1.0
7,湖南,1893,0.0,0.0,0.0,0.0,0.0,,0.0,1.0,0.0,0.0,1.0,0.0,,,,0.0,,50.159557,71.000008,0.0,0.0,7.4235678,16.929501,12.26704544,1.0
7,湖南,1894,33.0,0.0,0.0,0.0,0.0,,0.0,0.0,0.0,0.0,0.0,0.0,,,,0.0,,49.667797,74.000008,0.0,0.0,7.4235678,16.929501,12.26704544,1.0
7,湖南,1895,4.0,0.0,0.0,0.0,0.0,,0.0,1.0,0.0,0.0,0.0,1.0,,,,0.0,,51.880718,71.000008,0.0,0.0,7.4235678,16.929501,12.26704544,1.0
7,湖南,1896,0.0,0.0,0.0,0.0,0.0,,0.0,2.0,0.0,0.0,1.0,1.0,,,,0.0,,69.625519,72.000008,0.0,0.0,7.4235678,16.929501,12.26704544,1.0
7,湖南,1897,0.0,0.0,0.0,0.0,0.0,,0.0,2.0,0.0,0.0,0.0,1.0,,,,0.0,,65.46463,79.000008,0.0,0.0,7.4235678,16.929501,12.26704544,1.0
7,湖南,1898,0.0,0.0,0.0,0.0,0.0,,0.0,1.0,0.0,0.0,1.0,0.0,,,,0.0,,81.137306,84.000008,0.0,0.0,7.4235678,16.929501,12.26704544,1.0
7,湖南,1899,1.0,0.0,0.0,0.0,0.0,,0.0,2.0,0.0,0.0,0.0,0.0,,,,1.0,,66.574203,93.000008,0.0,1.0,7.4235678,16.929501,12.26704544,1.0
7,湖南,1900,4.0,0.0,0.0,0.0,0.0,,1.0,0.0,0.0,0.0,0.0,1.0,,,,1.0,,61.858528,87.000008,0.0,1.0,7.4235678,16.929501,12.26704544,1.0
7,湖南,1901,12.0,0.0,0.0,0.0,0.0,,1.0,1.0,0.0,0.0,0.0,1.0,,,,2.0,,65.742027,81.000008,0.0,1.0,7.4235678,16.929501,12.26704544,1.0
7,湖南,1902,2.0,0.0,0.0,0.0,0.0,,1.0,0.0,1.0,0.0,0.0,0.0,,,,2.0,2.0,92.371704,97.000008,0.0,1.0,7.4235678,16.929501,12.26704544,1.0
7,湖南,1903,0.0,0.0,0.0,0.0,0.0,,1.0,4.0,0.0,0.0,0.0,0.0,,,,2.0,,87.517334,103.00001,0.0,1.0,7.4235678,16.929501,12.26704544,1.0
7,湖南,1904,0.0,9.0,9.0,0.0,0.0,,1.0,2.0,0.0,0.0,0.0,0.0,,,,2.0,,76.005547,99.000008,0.0,1.0,7.4235678,16.929501,12.26704544,1.0
7,湖南,1905,1.0,0.0,9.0,0.0,0.0,1.0,1.0,0.0,0.0,0.0,0.0,0.0,,,,2.0,,59.778088,111.00001,0.0,1.0,7.4235678,16.929501,12.26704544,1.0
7,湖南,1906,50.0,2.0,11.0,1.0,0.0,,1.0,2.0,0.0,0.0,0.0,1.0,,,,2.0,,81.276009,100.00001,0.0,1.0,7.4235678,16.929501,12.26704544,1.0
7,湖南,1907,0.0,0.0,11.0,2.0,0.0,,1.0,3.0,0.0,0.0,0.0,1.0,,,,2.0,,104.16089,104.00001,0.0,1.0,7.4235678,16.929501,12.26704544,1.0
7,湖南,1908,3.0,0.0,11.0,0.0,0.0,2.0,1.0,9.0,0.0,0.0,0.0,2.0,,,,2.0,,97.919556,110.00001,0.0,1.0,7.4235678,16.929501,12.26704544,1.0
7,湖南,1909,4.0,0.0,11.0,0.0,1.0,1.0,1.0,1.0,0.0,0.0,0.0,1.0,,,,2.0,,78.085991,111.00001,0.0,1.0,7.4235678,16.929501,12.26704544,1.0
7,湖南,1910,10.0,0.0,11.0,1.0,0.0,,1.0,0.0,0.0,0.0,0.0,1.0,,,,2.0,,99.167824,102.00001,0.0,1.0,7.4235678,16.929501,12.26704544,1.0
7,湖南,1911,15.0,5.0,16.0,5.0,1.0,1.0,1.0,1.0,0.0,0.0,0.0,2.0,,,,2.0,,110.67961,106.00001,0.0,1.0,7.4235678,16.929501,12.26704544,1.0
8,甘肃,1881,0.0,0.0,0.0,0.0,0.0,,0.0,0.0,0.0,0.0,0.0,0.0,,2.0,,0.0,,32.702065,64.000008,0.0,1.0,6.8362589,15.41573,13.09560864,0.0
8,甘肃,1882,0.0,0.0,0.0,0.0,0.0,,0.0,0.0,0.0,0.0,0.0,0.0,,,,0.0,,40.078468,64.000008,0.0,1.0,6.8362589,15.41573,13.09560864,0.0
8,甘肃,1883,0.0,0.0,0.0,0.0,0.0,,0.0,0.0,0.0,0.0,0.0,1.0,,,,0.0,,44.01255,61.000008,0.0,1.0,6.8362589,15.41573,13.09560864,0.0
8,甘肃,1884,0.0,0.0,0.0,0.0,0.0,,0.0,0.0,0.0,0.0,0.0,0.0,,,,0.0,,41.553749,62.000008,0.0,1.0,6.8362589,15.41573,13.09560864,0.0
8,甘肃,1885,0.0,0.0,0.0,0.0,0.0,,0.0,0.0,0.0,0.0,0.0,1.0,,1.0,1.0,0.0,,39.094948,63.000008,0.0,1.0,6.8362589,15.41573,13.09560864,0.0
8,甘肃,1886,0.0,0.0,0.0,0.0,0.0,,0.0,0.0,0.0,0.0,0.0,0.0,,1.0,1.0,0.0,,48.438396,66.000008,0.0,1.0,6.8362589,15.41573,13.09560864,0.0
8,甘肃,1887,0.0,0.0,0.0,0.0,0.0,,0.0,0.0,0.0,0.0,0.0,0.0,,,2.0,0.0,,48.192516,69.000008,0.0,1.0,6.8362589,15.41573,13.09560864,0.0
8,甘肃,1888,0.0,0.0,0.0,0.0,0.0,,0.0,0.0,0.0,0.0,0.0,0.0,,,,0.0,,42.53727,70.000008,0.0,1.0,6.8362589,15.41573,13.09560864,0.0
8,甘肃,1889,0.0,0.0,0.0,0.0,0.0,,0.0,0.0,0.0,0.0,0.0,0.0,,1.0,1.0,0.0,,45.979591,71.000008,0.0,1.0,6.8362589,15.41573,13.09560864,0.0
8,甘肃,1890,0.0,0.0,0.0,0.0,0.0,,0.0,0.0,0.0,0.0,0.0,0.0,,2.0,1.0,0.0,,52.618359,75.000008,0.0,1.0,6.8362589,15.41573,13.09560864,0.0
8,甘肃,1891,0.0,0.0,0.0,0.0,0.0,,0.0,0.0,0.0,0.0,0.0,0.0,,,,0.0,,46.225471,71.000008,0.0,1.0,6.8362589,15.41573,13.09560864,0.0
8,甘肃,1892,0.0,0.0,0.0,0.0,0.0,,0.0,0.0,0.0,0.0,0.0,1.0,,,,0.0,,49.421917,66.000008,0.0,1.0,6.8362589,15.41573,13.09560864,0.0
8,甘肃,1893,0.0,0.0,0.0,0.0,0.0,,0.0,0.0,0.0,0.0,0.0,0.0,,1.0,1.0,0.0,,50.159557,71.000008,0.0,1.0,6.8362589,15.41573,13.09560864,0.0
8,甘肃,1894,0.0,0.0,0.0,0.0,0.0,,0.0,0.0,0.0,0.0,0.0,0.0,,,1.0,0.0,,49.667797,74.000008,0.0,1.0,6.8362589,15.41573,13.09560864,0.0
8,甘肃,1895,0.0,0.0,0.0,0.0,0.0,,0.0,0.0,0.0,0.0,0.0,1.0,,,1.0,0.0,,51.880718,71.000008,0.0,1.0,6.8362589,15.41573,13.09560864,0.0
8,甘肃,1896,0.0,0.0,0.0,0.0,0.0,,0.0,0.0,0.0,0.0,0.0,0.0,,,,0.0,,69.625519,72.000008,0.0,1.0,6.8362589,15.41573,13.09560864,0.0
8,甘肃,1897,0.0,0.0,0.0,0.0,0.0,,0.0,0.0,0.0,0.0,0.0,1.0,,,,0.0,,65.46463,79.000008,0.0,1.0,6.8362589,15.41573,13.09560864,0.0
8,甘肃,1898,0.0,0.0,0.0,0.0,0.0,,0.0,0.0,0.0,0.0,2.0,0.0,,,,0.0,,81.137306,84.000008,0.0,1.0,6.8362589,15.41573,13.09560864,0.0
8,甘肃,1899,1.0,0.0,0.0,0.0,0.0,,0.0,0.0,0.0,0.0,0.0,0.0,,,1.0,0.0,,66.574203,93.000008,0.0,1.0,6.8362589,15.41573,13.09560864,0.0
8,甘肃,1900,3.0,0.0,0.0,1.0,0.0,,1.0,0.0,0.0,0.0,1.0,0.0,,,,0.0,,61.858528,87.000008,0.0,1.0,6.8362589,15.41573,13.09560864,0.0
8,甘肃,1901,1.0,0.0,0.0,0.0,0.0,,1.0,0.0,0.0,0.0,1.0,1.0,,,,0.0,,65.742027,81.000008,0.0,1.0,6.8362589,15.41573,13.09560864,0.0
8,甘肃,1902,2.0,0.0,0.0,0.0,0.0,,1.0,0.0,0.0,0.0,0.0,0.0,,,,0.0,,92.371704,97.000008,0.0,1.0,6.8362589,15.41573,13.09560864,0.0
8,甘肃,1903,0.0,0.0,0.0,0.0,0.0,,1.0,0.0,0.0,0.0,0.0,1.0,,,1.0,0.0,,87.517334,103.00001,0.0,1.0,6.8362589,15.41573,13.09560864,0.0
8,甘肃,1904,0.0,0.0,0.0,0.0,0.0,,1.0,0.0,0.0,0.0,0.0,3.0,,,1.0,0.0,,76.005547,99.000008,0.0,1.0,6.8362589,15.41573,13.09560864,0.0
8,甘肃,1905,0.0,0.0,0.0,0.0,0.0,,1.0,0.0,0.0,0.0,0.0,0.0,,,,0.0,,59.778088,111.00001,0.0,1.0,6.8362589,15.41573,13.09560864,0.0
8,甘肃,1906,1.0,0.0,0.0,0.0,0.0,,1.0,1.0,0.0,0.0,0.0,0.0,,,,0.0,,81.276009,100.00001,0.0,1.0,6.8362589,15.41573,13.09560864,0.0
8,甘肃,1907,0.0,0.0,0.0,0.0,0.0,,1.0,0.0,0.0,0.0,0.0,0.0,,,1.0,0.0,,104.16089,104.00001,0.0,1.0,6.8362589,15.41573,13.09560864,0.0
8,甘肃,1908,0.0,0.0,0.0,1.0,0.0,,1.0,2.0,0.0,0.0,0.0,0.0,,,,0.0,,97.919556,110.00001,0.0,1.0,6.8362589,15.41573,13.09560864,0.0
8,甘肃,1909,2.0,0.0,0.0,2.0,0.0,,1.0,1.0,0.0,0.0,1.0,1.0,,,,0.0,,78.085991,111.00001,0.0,1.0,6.8362589,15.41573,13.09560864,0.0
8,甘肃,1910,1.0,0.0,0.0,0.0,0.0,,1.0,0.0,0.0,0.0,1.0,0.0,,,,0.0,,99.167824,102.00001,0.0,1.0,6.8362589,15.41573,13.09560864,0.0
8,甘肃,1911,4.0,0.0,0.0,0.0,0.0,,1.0,1.0,0.0,0.0,0.0,1.0,,,,0.0,,110.67961,106.00001,0.0,1.0,6.8362589,15.41573,13.09560864,0.0
9,江西,1881,0.0,0.0,0.0,0.0,0.0,,0.0,0.0,0.0,0.0,0.0,1.0,,,,1.0,,32.702065,64.000008,0.0,1.0,7.663877,16.40465,12.01540233,1.0
9,江西,1882,0.0,0.0,0.0,0.0,0.0,,0.0,0.0,0.0,0.0,0.0,2.0,,,,1.0,,40.078468,64.000008,0.0,1.0,7.663877,16.40465,12.01540233,1.0
9,江西,1883,0.0,0.0,0.0,0.0,0.0,,0.0,0.0,0.0,0.0,0.0,0.0,,,,1.0,,44.01255,61.000008,0.0,1.0,7.663877,16.40465,12.01540233,1.0
9,江西,1884,0.0,0.0,0.0,0.0,0.0,,0.0,0.0,0.0,0.0,0.0,0.0,,,,1.0,,41.553749,62.000008,0.0,1.0,7.663877,16.40465,12.01540233,1.0
9,江西,1885,0.0,0.0,0.0,0.0,0.0,,0.0,0.0,0.0,0.0,0.0,1.0,,,,1.0,,39.094948,63.000008,0.0,1.0,7.663877,16.40465,12.01540233,1.0
9,江西,1886,0.0,0.0,0.0,0.0,0.0,,0.0,0.0,0.0,0.0,0.0,1.0,,,,1.0,,48.438396,66.000008,0.0,1.0,7.663877,16.40465,12.01540233,1.0
9,江西,1887,0.0,0.0,0.0,0.0,0.0,,0.0,0.0,0.0,0.0,0.0,0.0,,,,1.0,,48.192516,69.000008,0.0,1.0,7.663877,16.40465,12.01540233,1.0
9,江西,1888,0.0,0.0,0.0,0.0,0.0,,0.0,0.0,0.0,0.0,0.0,1.0,,,,1.0,,42.53727,70.000008,0.0,1.0,7.663877,16.40465,12.01540233,1.0
9,江西,1889,1.0,0.0,0.0,0.0,0.0,,0.0,0.0,0.0,0.0,0.0,1.0,,,,1.0,,45.979591,71.000008,0.0,1.0,7.663877,16.40465,12.01540233,1.0
9,江西,1890,0.0,0.0,0.0,0.0,0.0,,0.0,0.0,0.0,0.0,0.0,0.0,,,,1.0,,52.618359,75.000008,0.0,1.0,7.663877,16.40465,12.01540233,1.0
9,江西,1891,0.0,0.0,0.0,0.0,0.0,,0.0,0.0,0.0,0.0,0.0,0.0,,,,1.0,,46.225471,71.000008,0.0,1.0,7.663877,16.40465,12.01540233,1.0
9,江西,1892,0.0,0.0,0.0,0.0,0.0,,0.0,0.0,0.0,0.0,0.0,0.0,,,,1.0,,49.421917,66.000008,0.0,1.0,7.663877,16.40465,12.01540233,1.0
9,江西,1893,0.0,0.0,0.0,0.0,0.0,,0.0,0.0,0.0,0.0,0.0,0.0,,,,1.0,,50.159557,71.000008,0.0,1.0,7.663877,16.40465,12.01540233,1.0
9,江西,1894,0.0,0.0,0.0,0.0,0.0,,0.0,0.0,0.0,0.0,0.0,1.0,,,,1.0,,49.667797,74.000008,0.0,1.0,7.663877,16.40465,12.01540233,1.0
9,江西,1895,0.0,0.0,0.0,0.0,0.0,,0.0,0.0,0.0,0.0,0.0,0.0,,,,1.0,,51.880718,71.000008,0.0,1.0,7.663877,16.40465,12.01540233,1.0
9,江西,1896,0.0,0.0,0.0,0.0,0.0,,0.0,1.0,0.0,0.0,0.0,1.0,,,,1.0,,69.625519,72.000008,0.0,1.0,7.663877,16.40465,12.01540233,1.0
9,江西,1897,0.0,0.0,0.0,0.0,0.0,,0.0,0.0,0.0,0.0,0.0,1.0,,,,1.0,,65.46463,79.000008,0.0,1.0,7.663877,16.40465,12.01540233,1.0
9,江西,1898,0.0,0.0,0.0,0.0,0.0,,0.0,2.0,0.0,0.0,0.0,1.0,,,,1.0,,81.137306,84.000008,0.0,1.0,7.663877,16.40465,12.01540233,1.0
9,江西,1899,1.0,0.0,0.0,0.0,0.0,,0.0,0.0,0.0,0.0,0.0,1.0,,,,1.0,,66.574203,93.000008,0.0,1.0,7.663877,16.40465,12.01540233,1.0
9,江西,1900,5.0,0.0,0.0,0.0,0.0,,1.0,0.0,0.0,0.0,0.0,0.0,,,,1.0,,61.858528,87.000008,0.0,1.0,7.663877,16.40465,12.01540233,1.0
9,江西,1901,3.0,0.0,0.0,0.0,0.0,,1.0,0.0,0.0,0.0,0.0,1.0,,,,1.0,,65.742027,81.000008,0.0,1.0,7.663877,16.40465,12.01540233,1.0
9,江西,1902,17.0,0.0,0.0,3.0,0.0,,1.0,2.0,0.0,0.0,0.0,0.0,,,,1.0,1.0,92.371704,97.000008,0.0,1.0,7.663877,16.40465,12.01540233,1.0
9,江西,1903,0.0,0.0,0.0,1.0,0.0,,1.0,2.0,0.0,0.0,0.0,0.0,,,,1.0,,87.517334,103.00001,0.0,1.0,7.663877,16.40465,12.01540233,1.0
9,江西,1904,0.0,1.0,1.0,1.0,1.0,,1.0,5.0,0.0,0.0,0.0,0.0,,,,1.0,,76.005547,99.000008,0.0,1.0,7.663877,16.40465,12.01540233,1.0
9,江西,1905,0.0,0.0,1.0,1.0,0.0,1.0,1.0,1.0,0.0,0.0,0.0,0.0,,,,1.0,,59.778088,111.00001,0.0,1.0,7.663877,16.40465,12.01540233,1.0
9,江西,1906,1.0,2.0,3.0,3.0,0.0,,1.0,0.0,0.0,0.0,0.0,2.0,,,,1.0,,81.276009,100.00001,0.0,1.0,7.663877,16.40465,12.01540233,1.0
9,江西,1907,5.0,0.0,3.0,0.0,0.0,,1.0,2.0,0.0,0.0,0.0,0.0,,,,1.0,,104.16089,104.00001,0.0,1.0,7.663877,16.40465,12.01540233,1.0
9,江西,1908,4.0,0.0,3.0,0.0,0.0,,1.0,4.0,0.0,0.0,0.0,0.0,,,,1.0,,97.919556,110.00001,0.0,1.0,7.663877,16.40465,12.01540233,1.0
9,江西,1909,1.0,0.0,3.0,1.0,1.0,,1.0,0.0,0.0,0.0,0.0,0.0,,,,1.0,,78.085991,111.00001,0.0,1.0,7.663877,16.40465,12.01540233,1.0
9,江西,1910,0.0,0.0,3.0,0.0,0.0,,1.0,0.0,0.0,0.0,0.0,0.0,,,,1.0,,99.167824,102.00001,0.0,1.0,7.663877,16.40465,12.01540233,1.0
9,江西,1911,4.0,3.0,6.0,1.0,0.0,,1.0,0.0,0.0,0.0,0.0,0.0,,,,1.0,,110.67961,106.00001,0.0,1.0,7.663877,16.40465,12.01540233,1.0
10,安徽,1881,0.0,0.0,0.0,0.0,0.0,,0.0,0.0,0.0,0.0,0.0,0.0,,,,1.0,,32.702065,64.000008,0.0,1.0,7.3802562,16.878571,11.8830397,1.0
10,安徽,1882,0.0,0.0,0.0,0.0,0.0,,0.0,1.0,0.0,0.0,0.0,1.0,,,,1.0,,40.078468,64.000008,0.0,1.0,7.3802562,16.878571,11.8830397,1.0
10,安徽,1883,0.0,0.0,0.0,0.0,0.0,,0.0,0.0,0.0,0.0,0.0,0.0,,,,1.0,,44.01255,61.000008,0.0,1.0,7.3802562,16.878571,11.8830397,1.0
10,安徽,1884,0.0,0.0,0.0,0.0,0.0,,0.0,0.0,0.0,0.0,0.0,0.0,,,,1.0,,41.553749,62.000008,0.0,1.0,7.3802562,16.878571,11.8830397,1.0
10,安徽,1885,0.0,0.0,0.0,0.0,0.0,,0.0,0.0,0.0,0.0,0.0,2.0,,,,1.0,,39.094948,63.000008,0.0,1.0,7.3802562,16.878571,11.8830397,1.0
10,安徽,1886,0.0,0.0,0.0,0.0,0.0,,0.0,0.0,0.0,0.0,0.0,0.0,,,,1.0,,48.438396,66.000008,0.0,1.0,7.3802562,16.878571,11.8830397,1.0
10,安徽,1887,0.0,0.0,0.0,0.0,0.0,,0.0,0.0,0.0,0.0,0.0,2.0,,,,1.0,,48.192516,69.000008,0.0,1.0,7.3802562,16.878571,11.8830397,1.0
10,安徽,1888,0.0,0.0,0.0,0.0,0.0,,0.0,0.0,0.0,0.0,1.0,1.0,,,,1.0,,42.53727,70.000008,0.0,1.0,7.3802562,16.878571,11.8830397,1.0
10,安徽,1889,1.0,0.0,0.0,0.0,0.0,,0.0,2.0,0.0,0.0,0.0,1.0,,,,1.0,,45.979591,71.000008,0.0,1.0,7.3802562,16.878571,11.8830397,1.0
10,安徽,1890,0.0,0.0,0.0,0.0,0.0,,0.0,0.0,0.0,0.0,0.0,0.0,,,,1.0,,52.618359,75.000008,0.0,1.0,7.3802562,16.878571,11.8830397,1.0
10,安徽,1891,0.0,0.0,0.0,0.0,0.0,,0.0,0.0,0.0,0.0,0.0,1.0,,,,1.0,,46.225471,71.000008,0.0,1.0,7.3802562,16.878571,11.8830397,1.0
10,安徽,1892,0.0,0.0,0.0,0.0,0.0,,0.0,0.0,0.0,0.0,0.0,0.0,,,,1.0,,49.421917,66.000008,0.0,1.0,7.3802562,16.878571,11.8830397,1.0
10,安徽,1893,0.0,0.0,0.0,0.0,0.0,,0.0,0.0,0.0,0.0,0.0,0.0,,,,1.0,,50.159557,71.000008,0.0,1.0,7.3802562,16.878571,11.8830397,1.0
10,安徽,1894,0.0,0.0,0.0,0.0,0.0,,0.0,1.0,0.0,0.0,0.0,0.0,,,,1.0,,49.667797,74.000008,0.0,1.0,7.3802562,16.878571,11.8830397,1.0
10,安徽,1895,0.0,0.0,0.0,0.0,0.0,,0.0,0.0,0.0,0.0,0.0,0.0,,,,1.0,,51.880718,71.000008,0.0,1.0,7.3802562,16.878571,11.8830397,1.0
10,安徽,1896,0.0,0.0,0.0,0.0,0.0,,0.0,0.0,0.0,0.0,0.0,1.0,,,,1.0,,69.625519,72.000008,0.0,1.0,7.3802562,16.878571,11.8830397,1.0
10,安徽,1897,0.0,0.0,0.0,0.0,0.0,,0.0,0.0,0.0,0.0,0.0,2.0,,,,1.0,,65.46463,79.000008,0.0,1.0,7.3802562,16.878571,11.8830397,1.0
10,安徽,1898,0.0,0.0,0.0,0.0,0.0,,0.0,1.0,0.0,0.0,0.0,1.0,,,,1.0,,81.137306,84.000008,0.0,1.0,7.3802562,16.878571,11.8830397,1.0
10,安徽,1899,1.0,0.0,0.0,0.0,0.0,,0.0,0.0,0.0,0.0,0.0,0.0,,,,1.0,,66.574203,93.000008,0.0,1.0,7.3802562,16.878571,11.8830397,1.0
10,安徽,1900,2.0,1.0,1.0,0.0,0.0,,1.0,0.0,0.0,0.0,0.0,0.0,,,,1.0,,61.858528,87.000008,0.0,1.0,7.3802562,16.878571,11.8830397,1.0
10,安徽,1901,3.0,0.0,1.0,0.0,0.0,,1.0,0.0,0.0,1.0,1.0,1.0,,,,1.0,,65.742027,81.000008,0.0,1.0,7.3802562,16.878571,11.8830397,1.0
10,安徽,1902,16.0,0.0,1.0,0.0,0.0,1.0,1.0,0.0,0.0,0.0,0.0,0.0,,,,1.0,,92.371704,97.000008,0.0,1.0,7.3802562,16.878571,11.8830397,1.0
10,安徽,1903,0.0,0.0,1.0,0.0,0.0,,1.0,0.0,0.0,0.0,0.0,0.0,,,,1.0,,87.517334,103.00001,0.0,1.0,7.3802562,16.878571,11.8830397,1.0
10,安徽,1904,0.0,1.0,2.0,0.0,0.0,,1.0,0.0,0.0,0.0,0.0,0.0,,,,1.0,,76.005547,99.000008,0.0,1.0,7.3802562,16.878571,11.8830397,1.0
10,安徽,1905,0.0,0.0,2.0,0.0,0.0,1.0,1.0,5.0,0.0,0.0,0.0,0.0,,,,1.0,,59.778088,111.00001,0.0,1.0,7.3802562,16.878571,11.8830397,1.0
10,安徽,1906,9.0,2.0,4.0,1.0,0.0,4.0,1.0,3.0,0.0,0.0,0.0,2.0,,,,1.0,,81.276009,100.00001,0.0,1.0,7.3802562,16.878571,11.8830397,1.0
10,安徽,1907,4.0,2.0,6.0,1.0,0.0,,1.0,6.0,0.0,0.0,0.0,0.0,,,,1.0,,104.16089,104.00001,0.0,1.0,7.3802562,16.878571,11.8830397,1.0
10,安徽,1908,2.0,1.0,7.0,0.0,0.0,1.0,1.0,0.0,0.0,0.0,0.0,1.0,,,,1.0,,97.919556,110.00001,0.0,1.0,7.3802562,16.878571,11.8830397,1.0
10,安徽,1909,11.0,0.0,7.0,0.0,0.0,,1.0,1.0,0.0,0.0,0.0,1.0,,,,1.0,,78.085991,111.00001,0.0,1.0,7.3802562,16.878571,11.8830397,1.0
10,安徽,1910,4.0,0.0,7.0,3.0,0.0,,1.0,1.0,0.0,0.0,0.0,2.0,,,,1.0,,99.167824,102.00001,0.0,1.0,7.3802562,16.878571,11.8830397,1.0
10,安徽,1911,13.0,1.0,8.0,0.0,1.0,,1.0,0.0,0.0,0.0,0.0,2.0,,,,1.0,,110.67961,106.00001,0.0,1.0,7.3802562,16.878571,11.8830397,1.0
11,浙江,1881,0.0,0.0,0.0,0.0,0.0,,0.0,0.0,0.0,0.0,0.0,1.0,,,,2.0,,32.702065,64.000008,5.0,2.0,7.6857028,16.589899,11.55155947,1.0
11,浙江,1882,0.0,0.0,0.0,0.0,0.0,,0.0,0.0,0.0,0.0,0.0,2.0,,,,2.0,,40.078468,64.000008,5.0,2.0,7.6857028,16.589899,11.55155947,1.0
11,浙江,1883,0.0,0.0,0.0,0.0,0.0,,0.0,1.0,0.0,0.0,0.0,1.0,1.0,,,2.0,,44.01255,61.000008,5.0,2.0,7.6857028,16.589899,11.55155947,1.0
11,浙江,1884,0.0,0.0,0.0,0.0,1.0,,0.0,0.0,0.0,0.0,0.0,0.0,,,,2.0,,41.553749,62.000008,5.0,2.0,7.6857028,16.589899,11.55155947,1.0
11,浙江,1885,0.0,0.0,0.0,0.0,0.0,,0.0,1.0,1.0,0.0,0.0,0.0,,,,2.0,,39.094948,63.000008,5.0,2.0,7.6857028,16.589899,11.55155947,1.0
11,浙江,1886,0.0,0.0,0.0,0.0,0.0,,0.0,0.0,0.0,0.0,0.0,1.0,,,,2.0,,48.438396,66.000008,5.0,2.0,7.6857028,16.589899,11.55155947,1.0
11,浙江,1887,0.0,0.0,0.0,0.0,0.0,,0.0,1.0,0.0,0.0,0.0,1.0,,,,2.0,,48.192516,69.000008,5.0,2.0,7.6857028,16.589899,11.55155947,1.0
11,浙江,1888,0.0,0.0,0.0,0.0,0.0,,0.0,0.0,0.0,0.0,0.0,0.0,,,,2.0,,42.53727,70.000008,5.0,2.0,7.6857028,16.589899,11.55155947,1.0
11,浙江,1889,0.0,0.0,0.0,0.0,0.0,,0.0,1.0,0.0,0.0,0.0,1.0,,,,2.0,,45.979591,71.000008,5.0,2.0,7.6857028,16.589899,11.55155947,1.0
11,浙江,1890,0.0,0.0,0.0,0.0,0.0,,0.0,0.0,0.0,0.0,0.0,0.0,,,,2.0,,52.618359,75.000008,5.0,2.0,7.6857028,16.589899,11.55155947,1.0
11,浙江,1891,0.0,0.0,0.0,0.0,0.0,,0.0,0.0,0.0,0.0,0.0,0.0,,,,2.0,,46.225471,71.000008,5.0,2.0,7.6857028,16.589899,11.55155947,1.0
11,浙江,1892,0.0,0.0,0.0,0.0,0.0,,0.0,2.0,0.0,0.0,0.0,0.0,,,,2.0,,49.421917,66.000008,5.0,2.0,7.6857028,16.589899,11.55155947,1.0
11,浙江,1893,0.0,0.0,0.0,0.0,0.0,,0.0,0.0,0.0,0.0,0.0,0.0,,,,2.0,,50.159557,71.000008,5.0,2.0,7.6857028,16.589899,11.55155947,1.0
11,浙江,1894,0.0,0.0,0.0,0.0,0.0,,0.0,0.0,0.0,0.0,0.0,0.0,,,,2.0,,49.667797,74.000008,5.0,2.0,7.6857028,16.589899,11.55155947,1.0
11,浙江,1895,0.0,0.0,0.0,0.0,0.0,,0.0,2.0,0.0,0.0,0.0,0.0,,,,2.0,,51.880718,71.000008,5.0,2.0,7.6857028,16.589899,11.55155947,1.0
11,浙江,1896,0.0,0.0,0.0,0.0,0.0,,0.0,1.0,0.0,0.0,0.0,0.0,,,,3.0,,69.625519,72.000008,5.0,3.0,7.6857028,16.589899,11.55155947,1.0
11,浙江,1897,0.0,0.0,0.0,0.0,0.0,,0.0,2.0,0.0,0.0,0.0,0.0,,,,3.0,,65.46463,79.000008,5.0,3.0,7.6857028,16.589899,11.55155947,1.0
11,浙江,1898,0.0,0.0,0.0,0.0,0.0,,0.0,1.0,0.0,0.0,0.0,0.0,,,,3.0,,81.137306,84.000008,5.0,3.0,7.6857028,16.589899,11.55155947,1.0
11,浙江,1899,1.0,0.0,0.0,0.0,0.0,,0.0,2.0,0.0,0.0,0.0,0.0,,,,3.0,,66.574203,93.000008,5.0,3.0,7.6857028,16.589899,11.55155947,1.0
11,浙江,1900,8.0,2.0,2.0,0.0,0.0,,1.0,0.0,0.0,0.0,0.0,0.0,,,,3.0,,61.858528,87.000008,5.0,3.0,7.6857028,16.589899,11.55155947,1.0
11,浙江,1901,4.0,0.0,2.0,0.0,0.0,,1.0,1.0,0.0,0.0,0.0,1.0,,,,3.0,,65.742027,81.000008,5.0,3.0,7.6857028,16.589899,11.55155947,1.0
11,浙江,1902,10.0,0.0,2.0,1.0,0.0,,1.0,1.0,0.0,0.0,0.0,0.0,,,,3.0,,92.371704,97.000008,5.0,3.0,7.6857028,16.589899,11.55155947,1.0
11,浙江,1903,0.0,4.0,6.0,1.0,2.0,,1.0,3.0,0.0,0.0,0.0,0.0,,,,3.0,,87.517334,103.00001,5.0,3.0,7.6857028,16.589899,11.55155947,1.0
11,浙江,1904,0.0,2.0,8.0,0.0,3.0,,1.0,2.0,0.0,0.0,0.0,0.0,,,,3.0,,76.005547,99.000008,5.0,3.0,7.6857028,16.589899,11.55155947,1.0
11,浙江,1905,0.0,1.0,9.0,1.0,0.0,3.0,1.0,7.0,0.0,0.0,0.0,0.0,,,,3.0,,59.778088,111.00001,5.0,3.0,7.6857028,16.589899,11.55155947,1.0
11,浙江,1906,1.0,1.0,10.0,1.0,3.0,1.0,1.0,11.0,0.0,0.0,0.0,1.0,,,,3.0,,81.276009,100.00001,5.0,3.0,7.6857028,16.589899,11.55155947,1.0
11,浙江,1907,0.0,3.0,13.0,3.0,0.0,1.0,1.0,3.0,0.0,0.0,0.0,0.0,,,,3.0,,104.16089,104.00001,5.0,3.0,7.6857028,16.589899,11.55155947,1.0
11,浙江,1908,0.0,0.0,13.0,1.0,1.0,2.0,1.0,2.0,0.0,0.0,0.0,0.0,,,,3.0,,97.919556,110.00001,5.0,3.0,7.6857028,16.589899,11.55155947,1.0
11,浙江,1909,1.0,0.0,13.0,1.0,0.0,,1.0,3.0,0.0,0.0,0.0,1.0,,,,3.0,,78.085991,111.00001,5.0,3.0,7.6857028,16.589899,11.55155947,1.0
11,浙江,1910,0.0,0.0,13.0,5.0,1.0,2.0,1.0,4.0,0.0,0.0,0.0,1.0,,,,3.0,,99.167824,102.00001,5.0,3.0,7.6857028,16.589899,11.55155947,1.0
11,浙江,1911,5.0,1.0,14.0,3.0,0.0,2.0,1.0,0.0,0.0,0.0,0.0,1.0,1.0,,,3.0,,110.67961,106.00001,5.0,3.0,7.6857028,16.589899,11.55155947,1.0
12,福建,1881,0.0,0.0,0.0,0.0,1.0,,0.0,0.0,2.0,0.0,0.0,1.0,,1.0,,2.0,,32.702065,64.000008,5.0,2.0,7.262629,16.258169,11.7189961,1.0
12,福建,1882,0.0,0.0,0.0,0.0,0.0,,0.0,0.0,1.0,0.0,0.0,0.0,2.0,,,2.0,,40.078468,64.000008,5.0,2.0,7.262629,16.258169,11.7189961,1.0
12,福建,1883,0.0,0.0,0.0,0.0,0.0,,0.0,1.0,0.0,0.0,0.0,1.0,,,,2.0,,44.01255,61.000008,5.0,2.0,7.262629,16.258169,11.7189961,1.0
12,福建,1884,2.0,0.0,0.0,0.0,0.0,,0.0,0.0,0.0,0.0,0.0,1.0,1.0,,,2.0,,41.553749,62.000008,5.0,2.0,7.262629,16.258169,11.7189961,1.0
12,福建,1885,0.0,0.0,0.0,0.0,0.0,,0.0,1.0,0.0,0.0,0.0,0.0,,,,2.0,,39.094948,63.000008,5.0,2.0,7.262629,16.258169,11.7189961,1.0
12,福建,1886,0.0,0.0,0.0,0.0,0.0,,0.0,1.0,0.0,0.0,0.0,0.0,,,,2.0,,48.438396,66.000008,5.0,2.0,7.262629,16.258169,11.7189961,1.0
12,福建,1887,0.0,0.0,0.0,0.0,0.0,,0.0,4.0,0.0,0.0,0.0,0.0,,,,2.0,,48.192516,69.000008,5.0,2.0,7.262629,16.258169,11.7189961,1.0
12,福建,1888,0.0,0.0,0.0,0.0,0.0,,0.0,1.0,0.0,0.0,0.0,0.0,,,,2.0,,42.53727,70.000008,5.0,2.0,7.262629,16.258169,11.7189961,1.0
12,福建,1889,0.0,0.0,0.0,0.0,0.0,,0.0,0.0,0.0,0.0,0.0,0.0,,,,2.0,,45.979591,71.000008,5.0,2.0,7.262629,16.258169,11.7189961,1.0
12,福建,1890,0.0,0.0,0.0,0.0,0.0,,0.0,0.0,0.0,0.0,0.0,1.0,1.0,,,2.0,,52.618359,75.000008,5.0,2.0,7.262629,16.258169,11.7189961,1.0
12,福建,1891,0.0,0.0,0.0,0.0,0.0,,0.0,2.0,0.0,0.0,0.0,0.0,,,,2.0,,46.225471,71.000008,5.0,2.0,7.262629,16.258169,11.7189961,1.0
12,福建,1892,0.0,0.0,0.0,0.0,0.0,,0.0,1.0,0.0,0.0,0.0,0.0,,,,2.0,,49.421917,66.000008,5.0,2.0,7.262629,16.258169,11.7189961,1.0
12,福建,1893,0.0,0.0,0.0,0.0,0.0,,0.0,1.0,0.0,0.0,0.0,0.0,,,,2.0,,50.159557,71.000008,5.0,2.0,7.262629,16.258169,11.7189961,1.0
12,福建,1894,2.0,0.0,0.0,0.0,0.0,,0.0,0.0,0.0,0.0,0.0,0.0,,,,2.0,,49.667797,74.000008,5.0,2.0,7.262629,16.258169,11.7189961,1.0
12,福建,1895,0.0,0.0,0.0,0.0,0.0,,0.0,0.0,0.0,0.0,0.0,0.0,,,,2.0,,51.880718,71.000008,5.0,2.0,7.262629,16.258169,11.7189961,1.0
12,福建,1896,0.0,0.0,0.0,0.0,0.0,,0.0,0.0,0.0,0.0,0.0,0.0,,,,2.0,,69.625519,72.000008,5.0,2.0,7.262629,16.258169,11.7189961,1.0
12,福建,1897,0.0,0.0,0.0,0.0,0.0,,0.0,1.0,0.0,0.0,0.0,0.0,,,,2.0,,65.46463,79.000008,5.0,2.0,7.262629,16.258169,11.7189961,1.0
12,福建,1898,0.0,0.0,0.0,0.0,0.0,,0.0,1.0,0.0,0.0,0.0,0.0,,,,2.0,,81.137306,84.000008,5.0,2.0,7.262629,16.258169,11.7189961,1.0
12,福建,1899,1.0,0.0,0.0,0.0,1.0,1.0,0.0,0.0,1.0,0.0,0.0,0.0,1.0,,,3.0,,66.574203,93.000008,5.0,3.0,7.262629,16.258169,11.7189961,1.0
12,福建,1900,2.0,0.0,0.0,0.0,0.0,,1.0,3.0,0.0,0.0,0.0,1.0,,,,3.0,,61.858528,87.000008,5.0,3.0,7.262629,16.258169,11.7189961,1.0
12,福建,1901,2.0,0.0,0.0,0.0,0.0,,1.0,2.0,0.0,0.0,0.0,1.0,,,,3.0,,65.742027,81.000008,5.0,3.0,7.262629,16.258169,11.7189961,1.0
12,福建,1902,2.0,0.0,0.0,3.0,1.0,1.0,1.0,1.0,0.0,0.0,0.0,1.0,,,,3.0,,92.371704,97.000008,5.0,4.0,7.262629,16.258169,11.7189961,1.0
12,福建,1903,1.0,0.0,0.0,0.0,0.0,,1.0,2.0,0.0,0.0,0.0,0.0,,,,3.0,,87.517334,103.00001,5.0,4.0,7.262629,16.258169,11.7189961,1.0
12,福建,1904,1.0,0.0,0.0,0.0,1.0,1.0,1.0,2.0,0.0,0.0,0.0,1.0,,,,3.0,,76.005547,99.000008,5.0,4.0,7.262629,16.258169,11.7189961,1.0
12,福建,1905,0.0,0.0,0.0,0.0,0.0,1.0,1.0,2.0,0.0,0.0,0.0,0.0,,,,3.0,,59.778088,111.00001,5.0,4.0,7.262629,16.258169,11.7189961,1.0
12,福建,1906,2.0,2.0,2.0,0.0,0.0,,1.0,3.0,0.0,0.0,0.0,0.0,,,,3.0,,81.276009,100.00001,5.0,4.0,7.262629,16.258169,11.7189961,1.0
12,福建,1907,0.0,0.0,2.0,0.0,0.0,1.0,1.0,4.0,0.0,0.0,0.0,0.0,,,,3.0,,104.16089,104.00001,5.0,4.0,7.262629,16.258169,11.7189961,1.0
12,福建,1908,0.0,0.0,2.0,0.0,0.0,1.0,1.0,0.0,0.0,0.0,0.0,2.0,,,,3.0,,97.919556,110.00001,5.0,4.0,7.262629,16.258169,11.7189961,1.0
12,福建,1909,1.0,0.0,2.0,0.0,0.0,,1.0,2.0,0.0,0.0,0.0,0.0,1.0,,,3.0,,78.085991,111.00001,5.0,4.0,7.262629,16.258169,11.7189961,1.0
12,福建,1910,0.0,0.0,2.0,0.0,0.0,,1.0,14.0,0.0,0.0,0.0,0.0,1.0,,,3.0,,99.167824,102.00001,5.0,4.0,7.262629,16.258169,11.7189961,1.0
12,福建,1911,4.0,2.0,4.0,0.0,0.0,,1.0,3.0,0.0,0.0,0.0,1.0,1.0,,,3.0,,110.67961,106.00001,5.0,4.0,7.262629,16.258169,11.7189961,1.0
13,云南,1881,0.0,0.0,0.0,0.0,0.0,,0.0,0.0,0.0,0.0,0.0,0.0,,,,0.0,,32.702065,64.000008,0.0,0.0,7.2240248,16.270491,12.88998986,1.0
13,云南,1882,0.0,0.0,0.0,0.0,0.0,,0.0,0.0,0.0,0.0,0.0,0.0,,,,0.0,,40.078468,64.000008,0.0,0.0,7.2240248,16.270491,12.88998986,1.0
13,云南,1883,0.0,0.0,0.0,0.0,0.0,,0.0,1.0,0.0,0.0,0.0,0.0,,,,0.0,,44.01255,61.000008,0.0,0.0,7.2240248,16.270491,12.88998986,1.0
13,云南,1884,0.0,0.0,0.0,0.0,0.0,,0.0,0.0,0.0,0.0,0.0,0.0,,1.0,,0.0,,41.553749,62.000008,0.0,0.0,7.2240248,16.270491,12.88998986,1.0
13,云南,1885,0.0,0.0,0.0,0.0,0.0,,0.0,0.0,0.0,0.0,0.0,0.0,,,1.0,0.0,,39.094948,63.000008,0.0,0.0,7.2240248,16.270491,12.88998986,1.0
13,云南,1886,0.0,0.0,0.0,0.0,0.0,,0.0,0.0,0.0,0.0,0.0,0.0,,1.0,1.0,0.0,,48.438396,66.000008,0.0,0.0,7.2240248,16.270491,12.88998986,1.0
13,云南,1887,0.0,0.0,0.0,0.0,0.0,,0.0,1.0,0.0,0.0,0.0,0.0,,,,0.0,,48.192516,69.000008,0.0,0.0,7.2240248,16.270491,12.88998986,1.0
13,云南,1888,0.0,0.0,0.0,0.0,0.0,,0.0,0.0,0.0,0.0,0.0,0.0,,1.0,,0.0,,42.53727,70.000008,0.0,0.0,7.2240248,16.270491,12.88998986,1.0
13,云南,1889,2.0,0.0,0.0,0.0,2.0,,0.0,0.0,0.0,0.0,0.0,2.0,,,1.0,1.0,1.0,45.979591,71.000008,0.0,1.0,7.2240248,16.270491,12.88998986,1.0
13,云南,1890,0.0,0.0,0.0,0.0,0.0,,0.0,0.0,0.0,0.0,0.0,2.0,,,,1.0,,52.618359,75.000008,0.0,1.0,7.2240248,16.270491,12.88998986,1.0
13,云南,1891,0.0,0.0,0.0,0.0,0.0,,0.0,0.0,0.0,0.0,0.0,2.0,,,1.0,1.0,,46.225471,71.000008,0.0,1.0,7.2240248,16.270491,12.88998986,1.0
13,云南,1892,1.0,0.0,0.0,0.0,0.0,,0.0,0.0,0.0,0.0,0.0,1.0,,,1.0,1.0,,49.421917,66.000008,0.0,1.0,7.2240248,16.270491,12.88998986,1.0
13,云南,1893,0.0,0.0,0.0,0.0,0.0,,0.0,0.0,0.0,0.0,0.0,2.0,,,1.0,1.0,,50.159557,71.000008,0.0,1.0,7.2240248,16.270491,12.88998986,1.0
13,云南,1894,3.0,0.0,0.0,0.0,0.0,,0.0,0.0,0.0,0.0,0.0,2.0,,,1.0,1.0,,49.667797,74.000008,0.0,1.0,7.2240248,16.270491,12.88998986,1.0
13,云南,1895,0.0,0.0,0.0,0.0,0.0,,0.0,0.0,0.0,0.0,0.0,0.0,,,,1.0,,51.880718,71.000008,0.0,1.0,7.2240248,16.270491,12.88998986,1.0
13,云南,1896,0.0,0.0,0.0,0.0,0.0,,0.0,0.0,0.0,0.0,0.0,0.0,,,,1.0,,69.625519,72.000008,0.0,1.0,7.2240248,16.270491,12.88998986,1.0
13,云南,1897,0.0,0.0,0.0,0.0,0.0,,0.0,0.0,0.0,0.0,0.0,0.0,,,,2.0,,65.46463,79.000008,0.0,3.0,7.2240248,16.270491,12.88998986,1.0
13,云南,1898,0.0,0.0,0.0,0.0,0.0,,0.0,0.0,0.0,0.0,1.0,1.0,,,,2.0,,81.137306,84.000008,0.0,3.0,7.2240248,16.270491,12.88998986,1.0
13,云南,1899,1.0,0.0,0.0,0.0,1.0,,0.0,0.0,0.0,0.0,0.0,1.0,,,,2.0,,66.574203,93.000008,0.0,3.0,7.2240248,16.270491,12.88998986,1.0
13,云南,1900,2.0,0.0,0.0,0.0,0.0,,1.0,0.0,0.0,0.0,0.0,1.0,,,,2.0,,61.858528,87.000008,0.0,3.0,7.2240248,16.270491,12.88998986,1.0
13,云南,1901,4.0,0.0,0.0,0.0,0.0,,1.0,0.0,0.0,0.0,1.0,1.0,,,,2.0,,65.742027,81.000008,0.0,3.0,7.2240248,16.270491,12.88998986,1.0
13,云南,1902,4.0,0.0,0.0,0.0,0.0,,1.0,1.0,0.0,0.0,0.0,0.0,,1.0,,3.0,,92.371704,97.000008,0.0,4.0,7.2240248,16.270491,12.88998986,1.0
13,云南,1903,0.0,1.0,1.0,1.0,0.0,,1.0,0.0,0.0,0.0,0.0,1.0,,,,3.0,,87.517334,103.00001,0.0,4.0,7.2240248,16.270491,12.88998986,1.0
13,云南,1904,0.0,0.0,1.0,0.0,1.0,,1.0,1.0,0.0,0.0,1.0,0.0,,,,3.0,,76.005547,99.000008,0.0,4.0,7.2240248,16.270491,12.88998986,1.0
13,云南,1905,0.0,1.0,2.0,0.0,0.0,,1.0,4.0,0.0,0.0,0.0,2.0,,,,3.0,,59.778088,111.00001,0.0,4.0,7.2240248,16.270491,12.88998986,1.0
13,云南,1906,1.0,0.0,2.0,0.0,0.0,,1.0,1.0,0.0,0.0,0.0,1.0,,,,3.0,,81.276009,100.00001,0.0,4.0,7.2240248,16.270491,12.88998986,1.0
13,云南,1907,1.0,1.0,3.0,0.0,0.0,,1.0,0.0,0.0,0.0,1.0,2.0,,,,3.0,,104.16089,104.00001,0.0,4.0,7.2240248,16.270491,12.88998986,1.0
13,云南,1908,5.0,3.0,6.0,0.0,0.0,,1.0,1.0,0.0,0.0,1.0,1.0,,,1.0,3.0,,97.919556,110.00001,0.0,5.0,7.2240248,16.270491,12.88998986,1.0
13,云南,1909,2.0,0.0,6.0,0.0,0.0,,1.0,3.0,0.0,0.0,0.0,0.0,,1.0,,3.0,,78.085991,111.00001,0.0,5.0,7.2240248,16.270491,12.88998986,1.0
13,云南,1910,2.0,0.0,6.0,0.0,0.0,1.0,1.0,1.0,0.0,0.0,0.0,0.0,,,,3.0,,99.167824,102.00001,0.0,5.0,7.2240248,16.270491,12.88998986,1.0
13,云南,1911,18.0,2.0,8.0,0.0,0.0,,1.0,0.0,0.0,0.0,1.0,0.0,,,,3.0,,110.67961,106.00001,0.0,5.0,7.2240248,16.270491,12.88998986,1.0
14,贵州,1881,0.0,0.0,0.0,0.0,0.0,,0.0,0.0,0.0,0.0,0.0,0.0,,,,0.0,,32.702065,64.000008,0.0,0.0,6.642487,16.14295,12.08061713,1.0
14,贵州,1882,0.0,0.0,0.0,0.0,0.0,,0.0,0.0,0.0,0.0,0.0,0.0,,,,0.0,,40.078468,64.000008,0.0,0.0,6.642487,16.14295,12.08061713,1.0
14,贵州,1883,0.0,0.0,0.0,0.0,0.0,,0.0,0.0,0.0,0.0,0.0,0.0,,,,0.0,,44.01255,61.000008,0.0,0.0,6.642487,16.14295,12.08061713,1.0
14,贵州,1884,0.0,0.0,0.0,0.0,0.0,,0.0,0.0,0.0,0.0,0.0,0.0,,,,0.0,,41.553749,62.000008,0.0,0.0,6.642487,16.14295,12.08061713,1.0
14,贵州,1885,0.0,0.0,0.0,0.0,0.0,,0.0,0.0,0.0,0.0,0.0,0.0,,,,0.0,,39.094948,63.000008,0.0,0.0,6.642487,16.14295,12.08061713,1.0
14,贵州,1886,0.0,0.0,0.0,0.0,0.0,,0.0,2.0,0.0,0.0,0.0,0.0,,,,0.0,,48.438396,66.000008,0.0,0.0,6.642487,16.14295,12.08061713,1.0
14,贵州,1887,0.0,0.0,0.0,1.0,0.0,,0.0,1.0,0.0,0.0,0.0,0.0,,,,0.0,,48.192516,69.000008,0.0,0.0,6.642487,16.14295,12.08061713,1.0
14,贵州,1888,0.0,0.0,0.0,0.0,0.0,,0.0,0.0,0.0,0.0,0.0,0.0,,,,0.0,,42.53727,70.000008,0.0,0.0,6.642487,16.14295,12.08061713,1.0
14,贵州,1889,0.0,0.0,0.0,0.0,0.0,,0.0,0.0,0.0,0.0,0.0,0.0,,,,0.0,,45.979591,71.000008,0.0,0.0,6.642487,16.14295,12.08061713,1.0
14,贵州,1890,0.0,0.0,0.0,0.0,0.0,,0.0,1.0,0.0,0.0,0.0,0.0,,,,0.0,,52.618359,75.000008,0.0,0.0,6.642487,16.14295,12.08061713,1.0
14,贵州,1891,0.0,0.0,0.0,0.0,0.0,,0.0,0.0,0.0,0.0,0.0,0.0,,,,0.0,,46.225471,71.000008,0.0,0.0,6.642487,16.14295,12.08061713,1.0
14,贵州,1892,0.0,0.0,0.0,0.0,0.0,,0.0,0.0,0.0,0.0,0.0,0.0,,,,0.0,,49.421917,66.000008,0.0,0.0,6.642487,16.14295,12.08061713,1.0
14,贵州,1893,0.0,0.0,0.0,0.0,0.0,,0.0,0.0,0.0,0.0,0.0,0.0,,,,0.0,,50.159557,71.000008,0.0,0.0,6.642487,16.14295,12.08061713,1.0
14,贵州,1894,0.0,0.0,0.0,0.0,0.0,,0.0,0.0,0.0,0.0,0.0,0.0,,,,0.0,,49.667797,74.000008,0.0,0.0,6.642487,16.14295,12.08061713,1.0
14,贵州,1895,0.0,0.0,0.0,0.0,0.0,,0.0,0.0,0.0,0.0,1.0,1.0,,,,0.0,,51.880718,71.000008,0.0,0.0,6.642487,16.14295,12.08061713,1.0
14,贵州,1896,0.0,0.0,0.0,0.0,0.0,,0.0,0.0,0.0,0.0,0.0,0.0,,,,0.0,,69.625519,72.000008,0.0,0.0,6.642487,16.14295,12.08061713,1.0
14,贵州,1897,0.0,0.0,0.0,0.0,0.0,,0.0,0.0,0.0,0.0,0.0,0.0,,,,0.0,,65.46463,79.000008,0.0,0.0,6.642487,16.14295,12.08061713,1.0
14,贵州,1898,0.0,0.0,0.0,0.0,0.0,,0.0,0.0,0.0,0.0,0.0,0.0,,,,0.0,,81.137306,84.000008,0.0,0.0,6.642487,16.14295,12.08061713,1.0
14,贵州,1899,1.0,0.0,0.0,0.0,0.0,,0.0,0.0,1.0,0.0,0.0,0.0,,,,0.0,,66.574203,93.000008,0.0,0.0,6.642487,16.14295,12.08061713,1.0
14,贵州,1900,2.0,0.0,0.0,0.0,0.0,,1.0,0.0,0.0,0.0,0.0,1.0,,,,0.0,,61.858528,87.000008,0.0,0.0,6.642487,16.14295,12.08061713,1.0
14,贵州,1901,1.0,0.0,0.0,0.0,0.0,,1.0,0.0,0.0,0.0,0.0,0.0,,,,0.0,,65.742027,81.000008,0.0,0.0,6.642487,16.14295,12.08061713,1.0
14,贵州,1902,4.0,0.0,0.0,0.0,0.0,,1.0,0.0,0.0,0.0,0.0,0.0,,,,0.0,,92.371704,97.000008,0.0,0.0,6.642487,16.14295,12.08061713,1.0
14,贵州,1903,0.0,0.0,0.0,0.0,0.0,,1.0,0.0,0.0,0.0,0.0,0.0,,,,0.0,,87.517334,103.00001,0.0,0.0,6.642487,16.14295,12.08061713,1.0
14,贵州,1904,0.0,0.0,0.0,0.0,0.0,,1.0,0.0,0.0,0.0,0.0,0.0,,,,0.0,,76.005547,99.000008,0.0,0.0,6.642487,16.14295,12.08061713,1.0
14,贵州,1905,0.0,1.0,1.0,0.0,0.0,,1.0,0.0,0.0,0.0,0.0,1.0,,,,0.0,,59.778088,111.00001,0.0,0.0,6.642487,16.14295,12.08061713,1.0
14,贵州,1906,4.0,0.0,1.0,0.0,0.0,,1.0,0.0,0.0,0.0,0.0,0.0,,,,0.0,,81.276009,100.00001,0.0,0.0,6.642487,16.14295,12.08061713,1.0
14,贵州,1907,0.0,1.0,2.0,0.0,0.0,,1.0,0.0,0.0,0.0,0.0,0.0,,,,0.0,,104.16089,104.00001,0.0,0.0,6.642487,16.14295,12.08061713,1.0
14,贵州,1908,0.0,2.0,4.0,0.0,0.0,,1.0,1.0,0.0,0.0,0.0,0.0,,,,0.0,,97.919556,110.00001,0.0,0.0,6.642487,16.14295,12.08061713,1.0
14,贵州,1909,0.0,3.0,7.0,0.0,0.0,,1.0,0.0,0.0,0.0,0.0,0.0,,,,0.0,,78.085991,111.00001,0.0,0.0,6.642487,16.14295,12.08061713,1.0
14,贵州,1910,0.0,0.0,7.0,0.0,0.0,,1.0,0.0,0.0,0.0,0.0,0.0,,,,0.0,,99.167824,102.00001,0.0,0.0,6.642487,16.14295,12.08061713,1.0
14,贵州,1911,20.0,1.0,8.0,0.0,0.0,,1.0,0.0,0.0,0.0,0.0,0.0,,,,0.0,,110.67961,106.00001,0.0,0.0,6.642487,16.14295,12.08061713,1.0
15,山西,1881,0.0,0.0,0.0,0.0,0.0,,0.0,0.0,0.0,0.0,0.0,0.0,,,,0.0,,32.702065,64.000008,0.0,0.0,7.385231,15.97991,12.36391792,0.0
15,山西,1882,0.0,0.0,0.0,0.0,0.0,,0.0,0.0,0.0,0.0,0.0,0.0,,,,0.0,,40.078468,64.000008,0.0,0.0,7.385231,15.97991,12.36391792,0.0
15,山西,1883,1.0,0.0,0.0,0.0,0.0,,0.0,0.0,0.0,0.0,0.0,0.0,,,,0.0,,44.01255,61.000008,0.0,0.0,7.385231,15.97991,12.36391792,0.0
15,山西,1884,1.0,0.0,0.0,0.0,0.0,,0.0,0.0,0.0,0.0,0.0,0.0,,,,0.0,,41.553749,62.000008,0.0,0.0,7.385231,15.97991,12.36391792,0.0
15,山西,1885,0.0,0.0,0.0,0.0,0.0,,0.0,0.0,0.0,0.0,0.0,1.0,,,,0.0,,39.094948,63.000008,0.0,0.0,7.385231,15.97991,12.36391792,0.0
15,山西,1886,0.0,0.0,0.0,0.0,0.0,,0.0,0.0,0.0,0.0,0.0,1.0,,,,0.0,,48.438396,66.000008,0.0,0.0,7.385231,15.97991,12.36391792,0.0
15,山西,1887,0.0,0.0,0.0,0.0,0.0,,0.0,0.0,0.0,0.0,0.0,0.0,,,,0.0,,48.192516,69.000008,0.0,0.0,7.385231,15.97991,12.36391792,0.0
15,山西,1888,0.0,0.0,0.0,0.0,0.0,,0.0,0.0,0.0,0.0,0.0,0.0,,,,0.0,,42.53727,70.000008,0.0,0.0,7.385231,15.97991,12.36391792,0.0
15,山西,1889,0.0,0.0,0.0,0.0,0.0,,0.0,0.0,0.0,0.0,0.0,0.0,,,,0.0,,45.979591,71.000008,0.0,0.0,7.385231,15.97991,12.36391792,0.0
15,山西,1890,0.0,0.0,0.0,0.0,0.0,,0.0,0.0,0.0,0.0,0.0,1.0,,,,0.0,,52.618359,75.000008,0.0,0.0,7.385231,15.97991,12.36391792,0.0
15,山西,1891,0.0,0.0,0.0,0.0,0.0,,0.0,0.0,0.0,0.0,0.0,0.0,,1.0,,0.0,,46.225471,71.000008,0.0,0.0,7.385231,15.97991,12.36391792,0.0
15,山西,1892,0.0,0.0,0.0,0.0,0.0,,0.0,1.0,0.0,0.0,1.0,0.0,,,,0.0,,49.421917,66.000008,0.0,0.0,7.385231,15.97991,12.36391792,0.0
15,山西,1893,0.0,0.0,0.0,0.0,0.0,,0.0,0.0,0.0,0.0,1.0,1.0,,,1.0,0.0,,50.159557,71.000008,0.0,0.0,7.385231,15.97991,12.36391792,0.0
15,山西,1894,0.0,0.0,0.0,0.0,0.0,,0.0,0.0,0.0,0.0,0.0,0.0,,,,0.0,,49.667797,74.000008,0.0,0.0,7.385231,15.97991,12.36391792,0.0
15,山西,1895,0.0,0.0,0.0,0.0,0.0,,0.0,0.0,0.0,0.0,0.0,0.0,,,,0.0,,51.880718,71.000008,0.0,0.0,7.385231,15.97991,12.36391792,0.0
15,山西,1896,0.0,0.0,0.0,0.0,0.0,,0.0,1.0,0.0,0.0,0.0,0.0,,,,0.0,,69.625519,72.000008,0.0,0.0,7.385231,15.97991,12.36391792,0.0
15,山西,1897,0.0,0.0,0.0,0.0,0.0,,0.0,2.0,0.0,0.0,0.0,1.0,,,,0.0,,65.46463,79.000008,0.0,0.0,7.385231,15.97991,12.36391792,0.0
15,山西,1898,0.0,0.0,0.0,0.0,0.0,,0.0,1.0,0.0,0.0,0.0,1.0,,,,0.0,,81.137306,84.000008,0.0,0.0,7.385231,15.97991,12.36391792,0.0
15,山西,1899,1.0,0.0,0.0,0.0,0.0,,0.0,2.0,0.0,0.0,1.0,1.0,,,,0.0,,66.574203,93.000008,0.0,0.0,7.385231,15.97991,12.36391792,0.0
15,山西,1900,3.0,0.0,0.0,1.0,0.0,,1.0,1.0,0.0,0.0,1.0,0.0,,,,0.0,,61.858528,87.000008,0.0,0.0,7.385231,15.97991,12.36391792,0.0
15,山西,1901,6.0,0.0,0.0,0.0,0.0,,1.0,0.0,0.0,0.0,1.0,0.0,,,,0.0,,65.742027,81.000008,0.0,0.0,7.385231,15.97991,12.36391792,0.0
15,山西,1902,10.0,0.0,0.0,0.0,0.0,,1.0,0.0,0.0,0.0,1.0,1.0,,,,0.0,,92.371704,97.000008,0.0,0.0,7.385231,15.97991,12.36391792,0.0
15,山西,1903,0.0,0.0,0.0,0.0,0.0,,1.0,1.0,0.0,0.0,0.0,0.0,,,,0.0,,87.517334,103.00001,0.0,0.0,7.385231,15.97991,12.36391792,0.0
15,山西,1904,0.0,0.0,0.0,1.0,0.0,,1.0,2.0,0.0,0.0,0.0,0.0,,,,0.0,,76.005547,99.000008,0.0,0.0,7.385231,15.97991,12.36391792,0.0
15,山西,1905,1.0,0.0,0.0,0.0,0.0,,1.0,3.0,0.0,1.0,0.0,0.0,,,,0.0,,59.778088,111.00001,0.0,0.0,7.385231,15.97991,12.36391792,0.0
15,山西,1906,1.0,0.0,0.0,0.0,0.0,,1.0,1.0,0.0,0.0,0.0,0.0,,,,0.0,,81.276009,100.00001,0.0,0.0,7.385231,15.97991,12.36391792,0.0
15,山西,1907,0.0,0.0,0.0,0.0,0.0,,1.0,1.0,0.0,0.0,0.0,0.0,,,,0.0,,104.16089,104.00001,0.0,0.0,7.385231,15.97991,12.36391792,0.0
15,山西,1908,1.0,0.0,0.0,0.0,0.0,,1.0,1.0,0.0,0.0,0.0,0.0,,,,0.0,,97.919556,110.00001,0.0,0.0,7.385231,15.97991,12.36391792,0.0
15,山西,1909,0.0,0.0,0.0,0.0,0.0,,1.0,1.0,0.0,0.0,0.0,0.0,,,,0.0,,78.085991,111.00001,0.0,0.0,7.385231,15.97991,12.36391792,0.0
15,山西,1910,0.0,0.0,0.0,1.0,0.0,,1.0,1.0,0.0,0.0,0.0,0.0,,,,0.0,,99.167824,102.00001,0.0,0.0,7.385231,15.97991,12.36391792,0.0
15,山西,1911,4.0,1.0,1.0,1.0,0.0,,1.0,0.0,0.0,0.0,0.0,0.0,,,,0.0,,110.67961,106.00001,0.0,0.0,7.385231,15.97991,12.36391792,0.0
16,河南,1881,0.0,0.0,0.0,0.0,0.0,,0.0,0.0,0.0,0.0,0.0,0.0,,,,0.0,,32.702065,64.000008,0.0,0.0,7.5506611,17.08198,12.02609634,0.0
16,河南,1882,0.0,0.0,0.0,0.0,0.0,,0.0,1.0,0.0,0.0,0.0,0.0,,,,0.0,,40.078468,64.000008,0.0,0.0,7.5506611,17.08198,12.02609634,0.0
16,河南,1883,0.0,0.0,0.0,0.0,0.0,,0.0,0.0,0.0,0.0,1.0,1.0,,,,0.0,,44.01255,61.000008,0.0,0.0,7.5506611,17.08198,12.02609634,0.0
16,河南,1884,0.0,0.0,0.0,0.0,0.0,,0.0,0.0,0.0,0.0,0.0,0.0,,,,0.0,,41.553749,62.000008,0.0,0.0,7.5506611,17.08198,12.02609634,0.0
16,河南,1885,0.0,0.0,0.0,0.0,0.0,,0.0,0.0,0.0,0.0,0.0,1.0,,,,0.0,,39.094948,63.000008,0.0,0.0,7.5506611,17.08198,12.02609634,0.0
16,河南,1886,0.0,0.0,0.0,0.0,0.0,,0.0,0.0,0.0,0.0,0.0,0.0,,,,0.0,,48.438396,66.000008,0.0,0.0,7.5506611,17.08198,12.02609634,0.0
16,河南,1887,0.0,0.0,0.0,0.0,0.0,,0.0,1.0,0.0,0.0,0.0,3.0,,,,0.0,,48.192516,69.000008,0.0,0.0,7.5506611,17.08198,12.02609634,0.0
16,河南,1888,0.0,0.0,0.0,0.0,0.0,,0.0,0.0,0.0,0.0,0.0,0.0,,,,0.0,,42.53727,70.000008,0.0,0.0,7.5506611,17.08198,12.02609634,0.0
16,河南,1889,6.0,0.0,0.0,0.0,0.0,,0.0,0.0,0.0,0.0,0.0,1.0,,,,0.0,,45.979591,71.000008,0.0,0.0,7.5506611,17.08198,12.02609634,0.0
16,河南,1890,0.0,0.0,0.0,0.0,0.0,,0.0,0.0,0.0,0.0,0.0,0.0,,,1.0,0.0,,52.618359,75.000008,0.0,0.0,7.5506611,17.08198,12.02609634,0.0
16,河南,1891,0.0,0.0,0.0,0.0,0.0,,0.0,0.0,0.0,0.0,0.0,0.0,,,,0.0,,46.225471,71.000008,0.0,0.0,7.5506611,17.08198,12.02609634,0.0
16,河南,1892,0.0,0.0,0.0,0.0,0.0,,0.0,0.0,0.0,0.0,0.0,1.0,,,,0.0,,49.421917,66.000008,0.0,0.0,7.5506611,17.08198,12.02609634,0.0
16,河南,1893,0.0,0.0,0.0,0.0,0.0,,0.0,0.0,0.0,0.0,0.0,0.0,,,,0.0,,50.159557,71.000008,0.0,0.0,7.5506611,17.08198,12.02609634,0.0
16,河南,1894,0.0,0.0,0.0,0.0,0.0,,0.0,0.0,0.0,0.0,1.0,1.0,,,,0.0,,49.667797,74.000008,0.0,0.0,7.5506611,17.08198,12.02609634,0.0
16,河南,1895,0.0,0.0,0.0,0.0,0.0,,0.0,0.0,0.0,0.0,0.0,1.0,,,,0.0,,51.880718,71.000008,0.0,0.0,7.5506611,17.08198,12.02609634,0.0
16,河南,1896,0.0,0.0,0.0,0.0,0.0,,0.0,2.0,0.0,0.0,0.0,0.0,,,,0.0,,69.625519,72.000008,0.0,0.0,7.5506611,17.08198,12.02609634,0.0
16,河南,1897,0.0,0.0,0.0,0.0,0.0,,0.0,2.0,0.0,0.0,0.0,1.0,,,,0.0,,65.46463,79.000008,0.0,0.0,7.5506611,17.08198,12.02609634,0.0
16,河南,1898,0.0,0.0,0.0,0.0,0.0,,0.0,1.0,0.0,0.0,0.0,1.0,,,,0.0,,81.137306,84.000008,0.0,0.0,7.5506611,17.08198,12.02609634,0.0
16,河南,1899,1.0,0.0,0.0,0.0,0.0,1.0,0.0,1.0,0.0,0.0,1.0,0.0,,,,0.0,,66.574203,93.000008,0.0,0.0,7.5506611,17.08198,12.02609634,0.0
16,河南,1900,9.0,0.0,0.0,0.0,0.0,,1.0,0.0,0.0,0.0,1.0,0.0,,,,0.0,,61.858528,87.000008,0.0,0.0,7.5506611,17.08198,12.02609634,0.0
16,河南,1901,8.0,0.0,0.0,0.0,0.0,,1.0,0.0,0.0,0.0,0.0,1.0,,,,0.0,,65.742027,81.000008,0.0,0.0,7.5506611,17.08198,12.02609634,0.0
16,河南,1902,3.0,0.0,0.0,0.0,0.0,,1.0,1.0,0.0,0.0,0.0,0.0,,,,0.0,,92.371704,97.000008,0.0,0.0,7.5506611,17.08198,12.02609634,0.0
16,河南,1903,1.0,0.0,0.0,1.0,0.0,,1.0,1.0,0.0,0.0,0.0,1.0,,,,0.0,,87.517334,103.00001,0.0,0.0,7.5506611,17.08198,12.02609634,0.0
16,河南,1904,0.0,0.0,0.0,2.0,0.0,,1.0,1.0,0.0,0.0,0.0,0.0,,,,0.0,,76.005547,99.000008,0.0,0.0,7.5506611,17.08198,12.02609634,0.0
16,河南,1905,1.0,0.0,0.0,0.0,0.0,,1.0,0.0,0.0,0.0,0.0,0.0,1.0,,,0.0,,59.778088,111.00001,0.0,0.0,7.5506611,17.08198,12.02609634,0.0
16,河南,1906,3.0,0.0,0.0,1.0,0.0,,1.0,3.0,0.0,0.0,0.0,3.0,,,,0.0,,81.276009,100.00001,0.0,0.0,7.5506611,17.08198,12.02609634,0.0
16,河南,1907,0.0,1.0,1.0,1.0,0.0,,1.0,2.0,0.0,0.0,0.0,0.0,,,,0.0,,104.16089,104.00001,0.0,0.0,7.5506611,17.08198,12.02609634,0.0
16,河南,1908,0.0,2.0,3.0,1.0,0.0,,1.0,0.0,0.0,0.0,0.0,0.0,,,,0.0,,97.919556,110.00001,0.0,0.0,7.5506611,17.08198,12.02609634,0.0
16,河南,1909,1.0,0.0,3.0,0.0,0.0,,1.0,1.0,0.0,0.0,0.0,0.0,,,,0.0,,78.085991,111.00001,0.0,0.0,7.5506611,17.08198,12.02609634,0.0
16,河南,1910,2.0,0.0,3.0,2.0,0.0,1.0,1.0,0.0,0.0,0.0,0.0,0.0,,,,0.0,,99.167824,102.00001,0.0,0.0,7.5506611,17.08198,12.02609634,0.0
16,河南,1911,14.0,7.0,10.0,0.0,0.0,,1.0,1.0,0.0,0.0,0.0,0.0,,,,0.0,,110.67961,106.00001,0.0,0.0,7.5506611,17.08198,12.02609634,0.0
17,陕西,1881,0.0,0.0,0.0,0.0,0.0,,0.0,0.0,0.0,0.0,0.0,1.0,,,2.0,0.0,,32.702065,64.000008,0.0,0.0,7.1340942,15.77235,12.15826275,0.0
17,陕西,1882,0.0,0.0,0.0,0.0,0.0,,0.0,0.0,0.0,0.0,0.0,0.0,,,,0.0,,40.078468,64.000008,0.0,0.0,7.1340942,15.77235,12.15826275,0.0
17,陕西,1883,0.0,0.0,0.0,0.0,0.0,,0.0,0.0,0.0,0.0,0.0,0.0,,,,0.0,,44.01255,61.000008,0.0,0.0,7.1340942,15.77235,12.15826275,0.0
17,陕西,1884,0.0,0.0,0.0,0.0,0.0,,0.0,0.0,0.0,0.0,0.0,1.0,,,,0.0,,41.553749,62.000008,0.0,0.0,7.1340942,15.77235,12.15826275,0.0
17,陕西,1885,0.0,0.0,0.0,0.0,0.0,,0.0,0.0,0.0,0.0,0.0,0.0,,,,0.0,,39.094948,63.000008,0.0,0.0,7.1340942,15.77235,12.15826275,0.0
17,陕西,1886,0.0,0.0,0.0,0.0,0.0,,0.0,0.0,0.0,0.0,0.0,1.0,,,1.0,0.0,,48.438396,66.000008,0.0,0.0,7.1340942,15.77235,12.15826275,0.0
17,陕西,1887,0.0,0.0,0.0,0.0,0.0,,0.0,0.0,0.0,0.0,0.0,1.0,,,,0.0,,48.192516,69.000008,0.0,0.0,7.1340942,15.77235,12.15826275,0.0
17,陕西,1888,0.0,0.0,0.0,0.0,0.0,,0.0,0.0,0.0,0.0,0.0,1.0,,,,0.0,,42.53727,70.000008,0.0,0.0,7.1340942,15.77235,12.15826275,0.0
17,陕西,1889,0.0,0.0,0.0,0.0,0.0,,0.0,0.0,0.0,0.0,0.0,1.0,,,1.0,0.0,,45.979591,71.000008,0.0,0.0,7.1340942,15.77235,12.15826275,0.0
17,陕西,1890,0.0,0.0,0.0,0.0,0.0,,0.0,0.0,0.0,0.0,0.0,1.0,,,1.0,0.0,,52.618359,75.000008,0.0,0.0,7.1340942,15.77235,12.15826275,0.0
17,陕西,1891,0.0,0.0,0.0,0.0,0.0,,0.0,0.0,0.0,0.0,0.0,1.0,,,,0.0,,46.225471,71.000008,0.0,0.0,7.1340942,15.77235,12.15826275,0.0
17,陕西,1892,0.0,0.0,0.0,0.0,0.0,,0.0,0.0,0.0,0.0,0.0,0.0,,,,0.0,,49.421917,66.000008,0.0,0.0,7.1340942,15.77235,12.15826275,0.0
17,陕西,1893,0.0,0.0,0.0,0.0,0.0,,0.0,0.0,0.0,0.0,0.0,1.0,,,1.0,0.0,,50.159557,71.000008,0.0,0.0,7.1340942,15.77235,12.15826275,0.0
17,陕西,1894,11.0,0.0,0.0,0.0,0.0,,0.0,0.0,0.0,0.0,0.0,0.0,,,1.0,0.0,,49.667797,74.000008,0.0,0.0,7.1340942,15.77235,12.15826275,0.0
17,陕西,1895,0.0,0.0,0.0,0.0,0.0,,0.0,1.0,0.0,0.0,0.0,1.0,,,,0.0,,51.880718,71.000008,0.0,0.0,7.1340942,15.77235,12.15826275,0.0
17,陕西,1896,0.0,0.0,0.0,0.0,0.0,,0.0,1.0,0.0,0.0,0.0,0.0,,,,0.0,1.0,69.625519,72.000008,0.0,0.0,7.1340942,15.77235,12.15826275,0.0
17,陕西,1897,0.0,0.0,0.0,0.0,0.0,,0.0,0.0,0.0,0.0,0.0,1.0,,,1.0,0.0,,65.46463,79.000008,0.0,0.0,7.1340942,15.77235,12.15826275,0.0
17,陕西,1898,0.0,0.0,0.0,0.0,0.0,,0.0,0.0,0.0,0.0,0.0,1.0,,,,0.0,,81.137306,84.000008,0.0,0.0,7.1340942,15.77235,12.15826275,0.0
17,陕西,1899,1.0,0.0,0.0,0.0,0.0,,0.0,0.0,0.0,0.0,1.0,0.0,,,1.0,0.0,,66.574203,93.000008,0.0,0.0,7.1340942,15.77235,12.15826275,0.0
17,陕西,1900,7.0,0.0,0.0,0.0,0.0,,1.0,0.0,0.0,0.0,1.0,0.0,,,,0.0,,61.858528,87.000008,0.0,0.0,7.1340942,15.77235,12.15826275,0.0
17,陕西,1901,9.0,0.0,0.0,0.0,0.0,,1.0,0.0,0.0,0.0,0.0,0.0,,,,0.0,,65.742027,81.000008,0.0,0.0,7.1340942,15.77235,12.15826275,0.0
17,陕西,1902,8.0,0.0,0.0,0.0,0.0,,1.0,0.0,0.0,0.0,0.0,0.0,,,,0.0,,92.371704,97.000008,0.0,0.0,7.1340942,15.77235,12.15826275,0.0
17,陕西,1903,0.0,0.0,0.0,0.0,0.0,,1.0,0.0,0.0,0.0,0.0,1.0,,,1.0,0.0,,87.517334,103.00001,0.0,0.0,7.1340942,15.77235,12.15826275,0.0
17,陕西,1904,0.0,0.0,0.0,0.0,0.0,,1.0,0.0,0.0,0.0,0.0,0.0,,,,0.0,,76.005547,99.000008,0.0,0.0,7.1340942,15.77235,12.15826275,0.0
17,陕西,1905,0.0,0.0,0.0,0.0,0.0,,1.0,0.0,0.0,0.0,0.0,0.0,,,,0.0,,59.778088,111.00001,0.0,0.0,7.1340942,15.77235,12.15826275,0.0
17,陕西,1906,1.0,0.0,0.0,1.0,0.0,,1.0,1.0,0.0,0.0,0.0,1.0,,,,0.0,,81.276009,100.00001,0.0,0.0,7.1340942,15.77235,12.15826275,0.0
17,陕西,1907,0.0,0.0,0.0,0.0,0.0,,1.0,1.0,0.0,0.0,0.0,1.0,,,1.0,0.0,,104.16089,104.00001,0.0,0.0,7.1340942,15.77235,12.15826275,0.0
17,陕西,1908,0.0,2.0,2.0,0.0,0.0,,1.0,1.0,0.0,0.0,0.0,0.0,,,,0.0,,97.919556,110.00001,0.0,0.0,7.1340942,15.77235,12.15826275,0.0
17,陕西,1909,0.0,0.0,2.0,0.0,0.0,,1.0,0.0,0.0,0.0,0.0,0.0,,,,0.0,,78.085991,111.00001,0.0,0.0,7.1340942,15.77235,12.15826275,0.0
17,陕西,1910,0.0,0.0,2.0,0.0,0.0,,1.0,0.0,0.0,0.0,0.0,0.0,,,,0.0,,99.167824,102.00001,0.0,0.0,7.1340942,15.77235,12.15826275,0.0
17,陕西,1911,6.0,1.0,3.0,0.0,0.0,,1.0,0.0,0.0,0.0,0.0,0.0,,,,0.0,,110.67961,106.00001,0.0,0.0,7.1340942,15.77235,12.15826275,0.0
18,山东,1881,1.0,0.0,0.0,0.0,0.0,,0.0,0.0,0.0,0.0,0.0,0.0,,,,1.0,,32.702065,64.000008,5.0,1.0,7.5973959,17.478451,11.95329429,0.0
18,山东,1882,1.0,0.0,0.0,0.0,0.0,,0.0,0.0,0.0,0.0,0.0,2.0,,,,1.0,,40.078468,64.000008,5.0,1.0,7.5973959,17.478451,11.95329429,0.0
18,山东,1883,2.0,0.0,0.0,0.0,0.0,,0.0,0.0,0.0,0.0,0.0,3.0,,,,1.0,,44.01255,61.000008,5.0,1.0,7.5973959,17.478451,11.95329429,0.0
18,山东,1884,0.0,0.0,0.0,0.0,0.0,,0.0,0.0,0.0,0.0,0.0,1.0,,,,1.0,,41.553749,62.000008,5.0,1.0,7.5973959,17.478451,11.95329429,0.0
18,山东,1885,0.0,0.0,0.0,0.0,0.0,,0.0,1.0,0.0,0.0,0.0,3.0,,,,1.0,,39.094948,63.000008,5.0,1.0,7.5973959,17.478451,11.95329429,0.0
18,山东,1886,4.0,0.0,0.0,0.0,0.0,,0.0,0.0,1.0,0.0,0.0,1.0,,,,1.0,,48.438396,66.000008,5.0,1.0,7.5973959,17.478451,11.95329429,0.0
18,山东,1887,16.0,0.0,0.0,0.0,0.0,,0.0,0.0,0.0,0.0,0.0,2.0,,,,1.0,,48.192516,69.000008,5.0,1.0,7.5973959,17.478451,11.95329429,0.0
18,山东,1888,12.0,0.0,0.0,0.0,0.0,,0.0,0.0,0.0,0.0,0.0,0.0,,,1.0,1.0,,42.53727,70.000008,5.0,1.0,7.5973959,17.478451,11.95329429,0.0
18,山东,1889,71.0,0.0,0.0,0.0,0.0,,0.0,0.0,0.0,0.0,0.0,0.0,,,1.0,1.0,,45.979591,71.000008,5.0,1.0,7.5973959,17.478451,11.95329429,0.0
18,山东,1890,5.0,0.0,0.0,0.0,0.0,,0.0,0.0,0.0,0.0,0.0,1.0,,,,1.0,,52.618359,75.000008,5.0,1.0,7.5973959,17.478451,11.95329429,0.0
18,山东,1891,0.0,0.0,0.0,0.0,0.0,,0.0,1.0,0.0,0.0,0.0,0.0,,,,1.0,,46.225471,71.000008,5.0,1.0,7.5973959,17.478451,11.95329429,0.0
18,山东,1892,0.0,0.0,0.0,0.0,0.0,,0.0,1.0,0.0,0.0,0.0,2.0,,,,1.0,,49.421917,66.000008,5.0,1.0,7.5973959,17.478451,11.95329429,0.0
18,山东,1893,0.0,0.0,0.0,0.0,0.0,,0.0,0.0,0.0,0.0,0.0,1.0,,,,1.0,,50.159557,71.000008,5.0,1.0,7.5973959,17.478451,11.95329429,0.0
18,山东,1894,15.0,0.0,0.0,0.0,0.0,,0.0,0.0,0.0,0.0,0.0,0.0,,,,1.0,,49.667797,74.000008,5.0,1.0,7.5973959,17.478451,11.95329429,0.0
18,山东,1895,0.0,0.0,0.0,0.0,0.0,,0.0,1.0,0.0,0.0,0.0,3.0,,,,1.0,,51.880718,71.000008,5.0,1.0,7.5973959,17.478451,11.95329429,0.0
18,山东,1896,0.0,0.0,0.0,0.0,0.0,,0.0,1.0,0.0,0.0,0.0,2.0,,,,1.0,,69.625519,72.000008,5.0,1.0,7.5973959,17.478451,11.95329429,0.0
18,山东,1897,0.0,0.0,0.0,0.0,0.0,,0.0,0.0,0.0,0.0,0.0,2.0,,,,1.0,,65.46463,79.000008,5.0,1.0,7.5973959,17.478451,11.95329429,0.0
18,山东,1898,0.0,0.0,0.0,0.0,0.0,,0.0,0.0,0.0,0.0,0.0,1.0,,,,1.0,,81.137306,84.000008,5.0,1.0,7.5973959,17.478451,11.95329429,0.0
18,山东,1899,1.0,0.0,0.0,1.0,0.0,,0.0,0.0,1.0,1.0,1.0,1.0,,,1.0,2.0,,66.574203,93.000008,5.0,1.0,7.5973959,17.478451,11.95329429,0.0
18,山东,1900,165.0,0.0,0.0,2.0,0.0,,1.0,0.0,0.0,0.0,0.0,2.0,,,,2.0,,61.858528,87.000008,5.0,1.0,7.5973959,17.478451,11.95329429,0.0
18,山东,1901,40.0,0.0,0.0,0.0,0.0,,1.0,0.0,0.0,0.0,0.0,1.0,,,,2.0,,65.742027,81.000008,5.0,1.0,7.5973959,17.478451,11.95329429,0.0
18,山东,1902,16.0,0.0,0.0,0.0,0.0,,1.0,0.0,1.0,0.0,0.0,1.0,,,,2.0,,92.371704,97.000008,5.0,1.0,7.5973959,17.478451,11.95329429,0.0
18,山东,1903,3.0,0.0,0.0,0.0,1.0,,1.0,1.0,0.0,0.0,0.0,3.0,,,,2.0,,87.517334,103.00001,5.0,1.0,7.5973959,17.478451,11.95329429,0.0
18,山东,1904,17.0,0.0,0.0,2.0,0.0,,1.0,1.0,1.0,0.0,0.0,2.0,,,,2.0,,76.005547,99.000008,5.0,1.0,7.5973959,17.478451,11.95329429,0.0
18,山东,1905,0.0,0.0,0.0,1.0,1.0,,1.0,3.0,0.0,0.0,0.0,0.0,,,,2.0,,59.778088,111.00001,5.0,1.0,7.5973959,17.478451,11.95329429,0.0
18,山东,1906,2.0,0.0,0.0,0.0,0.0,,1.0,4.0,0.0,2.0,0.0,0.0,,,,2.0,,81.276009,100.00001,5.0,4.0,7.5973959,17.478451,11.95329429,0.0
18,山东,1907,9.0,1.0,1.0,1.0,1.0,,1.0,1.0,0.0,0.0,0.0,0.0,,,,2.0,,104.16089,104.00001,5.0,4.0,7.5973959,17.478451,11.95329429,0.0
18,山东,1908,0.0,1.0,2.0,0.0,0.0,2.0,1.0,3.0,0.0,1.0,0.0,0.0,,,,2.0,,97.919556,110.00001,5.0,4.0,7.5973959,17.478451,11.95329429,0.0
18,山东,1909,9.0,0.0,2.0,0.0,0.0,,1.0,4.0,1.0,0.0,0.0,0.0,,,,2.0,,78.085991,111.00001,5.0,4.0,7.5973959,17.478451,11.95329429,0.0
18,山东,1910,7.0,0.0,2.0,5.0,0.0,,1.0,2.0,0.0,0.0,0.0,0.0,,,,2.0,,99.167824,102.00001,5.0,4.0,7.5973959,17.478451,11.95329429,0.0
18,山东,1911,9.0,3.0,5.0,0.0,0.0,,1.0,1.0,0.0,0.0,0.0,1.0,,,,2.0,,110.67961,106.00001,5.0,4.0,7.5973959,17.478451,11.95329429,0.0
19,奉天,1881,,,,0.0,0.0,,0.0,0.0,0.0,0.0,0.0,0.0,,,,0.0,,32.702065,64.000008,,1.0,4.927253685,6.013715,12.35763856,0.0
19,奉天,1882,,,,0.0,0.0,,0.0,1.0,0.0,0.0,0.0,0.0,,,,0.0,,40.078468,64.000008,,1.0,4.927253685,6.013715,12.35763856,0.0
19,奉天,1883,,,,0.0,0.0,,0.0,0.0,0.0,0.0,0.0,0.0,,,,0.0,,44.01255,61.000008,,1.0,4.927253685,6.013715,12.35763856,0.0
19,奉天,1884,,,,0.0,0.0,,0.0,0.0,1.0,0.0,0.0,0.0,,,,0.0,,41.553749,62.000008,,1.0,4.927253685,6.013715,12.35763856,0.0
19,奉天,1885,,,,0.0,0.0,,0.0,1.0,0.0,0.0,0.0,1.0,,,,0.0,,39.094948,63.000008,,1.0,4.927253685,6.013715,12.35763856,0.0
19,奉天,1886,,,,0.0,0.0,,0.0,0.0,0.0,0.0,0.0,2.0,,,,0.0,,48.438396,66.000008,,1.0,4.927253685,6.013715,12.35763856,0.0
19,奉天,1887,,,,0.0,0.0,,0.0,0.0,0.0,0.0,0.0,0.0,,,,0.0,,48.192516,69.000008,,1.0,4.927253685,6.013715,12.35763856,0.0
19,奉天,1888,,,,0.0,0.0,,0.0,0.0,0.0,0.0,0.0,1.0,,,,0.0,,42.53727,70.000008,,1.0,4.927253685,6.013715,12.35763856,0.0
19,奉天,1889,,,,0.0,0.0,,0.0,0.0,0.0,0.0,0.0,0.0,,,,0.0,,45.979591,71.000008,,1.0,4.927253685,6.013715,12.35763856,0.0
19,奉天,1890,,,,0.0,0.0,,0.0,0.0,0.0,0.0,0.0,0.0,,,,0.0,,52.618359,75.000008,,1.0,4.927253685,6.013715,12.35763856,0.0
19,奉天,1891,,,,0.0,0.0,,0.0,0.0,0.0,0.0,0.0,0.0,,,,0.0,,46.225471,71.000008,,1.0,4.927253685,6.013715,12.35763856,0.0
19,奉天,1892,,,,0.0,0.0,,0.0,0.0,0.0,0.0,0.0,1.0,,,,0.0,,49.421917,66.000008,,1.0,4.927253685,6.013715,12.35763856,0.0
19,奉天,1893,,,,0.0,0.0,,0.0,0.0,0.0,0.0,0.0,0.0,,,,0.0,,50.159557,71.000008,,1.0,4.927253685,6.013715,12.35763856,0.0
19,奉天,1894,,,,0.0,0.0,,0.0,1.0,0.0,0.0,0.0,0.0,,,,0.0,,49.667797,74.000008,,1.0,4.927253685,6.013715,12.35763856,0.0
19,奉天,1895,,,,0.0,0.0,,0.0,0.0,0.0,0.0,0.0,1.0,,,,0.0,,51.880718,71.000008,,1.0,4.927253685,6.013715,12.35763856,0.0
19,奉天,1896,,,,0.0,0.0,,0.0,3.0,0.0,0.0,0.0,1.0,,,,0.0,,69.625519,72.000008,,1.0,4.927253685,6.013715,12.35763856,0.0
19,奉天,1897,,,,0.0,0.0,,0.0,0.0,0.0,0.0,0.0,0.0,,,,1.0,,65.46463,79.000008,,1.0,4.927253685,6.013715,12.35763856,0.0
19,奉天,1898,,,,0.0,0.0,,0.0,1.0,0.0,0.0,0.0,0.0,,,,1.0,,81.137306,84.000008,,1.0,4.927253685,6.013715,12.35763856,0.0
19,奉天,1899,,,,0.0,0.0,,0.0,0.0,0.0,0.0,0.0,0.0,,,,1.0,,66.574203,93.000008,,1.0,4.927253685,6.013715,12.35763856,0.0
19,奉天,1900,,,,0.0,0.0,,1.0,0.0,0.0,0.0,0.0,0.0,,,,1.0,,61.858528,87.000008,,1.0,4.927253685,6.013715,12.35763856,0.0
19,奉天,1901,,,,0.0,1.0,,1.0,1.0,0.0,0.0,0.0,0.0,,,,1.0,,65.742027,81.000008,,1.0,4.927253685,6.013715,12.35763856,0.0
19,奉天,1902,,,,0.0,0.0,,1.0,0.0,0.0,1.0,0.0,0.0,,,,1.0,,92.371704,97.000008,,1.0,4.927253685,6.013715,12.35763856,0.0
19,奉天,1903,,,,0.0,0.0,,1.0,2.0,0.0,1.0,0.0,0.0,,,,1.0,,87.517334,103.00001,,1.0,4.927253685,6.013715,12.35763856,0.0
19,奉天,1904,,,,0.0,1.0,,1.0,1.0,0.0,0.0,0.0,0.0,,,,1.0,,76.005547,99.000008,,1.0,4.927253685,6.013715,12.35763856,0.0
19,奉天,1905,,,,0.0,0.0,,1.0,5.0,0.0,0.0,0.0,0.0,,,,3.0,,59.778088,111.00001,,1.0,4.927253685,6.013715,12.35763856,0.0
19,奉天,1906,,,,0.0,0.0,,1.0,3.0,2.0,0.0,0.0,0.0,,,,3.0,,81.276009,100.00001,,5.0,4.927253685,6.013715,12.35763856,0.0
19,奉天,1907,0.0,0.0,0.0,0.0,0.0,,1.0,2.0,1.0,0.0,0.0,0.0,,,,4.0,,104.16089,104.00001,,9.0,4.927253685,6.013715,12.35763856,0.0
19,奉天,1908,1.0,1.0,1.0,0.0,1.0,1.0,1.0,10.0,3.0,2.0,0.0,0.0,,,,4.0,,97.919556,110.00001,,10.0,4.927253685,6.013715,12.35763856,0.0
19,奉天,1909,4.0,0.0,1.0,0.0,1.0,,1.0,10.0,0.0,0.0,0.0,1.0,,,,5.0,,78.085991,111.00001,,10.0,4.927253685,6.013715,12.35763856,0.0
19,奉天,1910,5.0,4.0,5.0,0.0,0.0,,1.0,5.0,3.0,1.0,0.0,0.0,,,,5.0,,99.167824,102.00001,,10.0,4.927253685,6.013715,12.35763856,0.0
19,奉天,1911,18.0,3.0,8.0,0.0,0.0,,1.0,4.0,0.0,0.0,0.0,0.0,,,1.0,5.0,,110.67961,106.00001,,10.0,4.927253685,6.013715,12.35763856,0.0
20,黑龙江,1881,,,,0.0,0.0,,0.0,0.0,0.0,0.0,0.0,0.0,,,,0.0,,32.702065,64.000008,,0.0,,4.350278,13.28517926,0.0
20,黑龙江,1882,,,,0.0,0.0,,0.0,0.0,0.0,0.0,0.0,0.0,,,,0.0,,40.078468,64.000008,,0.0,,4.350278,13.28517926,0.0
20,黑龙江,1883,,,,0.0,0.0,,0.0,0.0,0.0,0.0,0.0,0.0,,,,0.0,,44.01255,61.000008,,0.0,,4.350278,13.28517926,0.0
20,黑龙江,1884,,,,0.0,0.0,,0.0,0.0,0.0,0.0,0.0,0.0,,,,0.0,,41.553749,62.000008,,0.0,,4.350278,13.28517926,0.0
20,黑龙江,1885,,,,0.0,0.0,,0.0,0.0,0.0,0.0,0.0,0.0,,,,0.0,,39.094948,63.000008,,0.0,,4.350278,13.28517926,0.0
20,黑龙江,1886,,,,0.0,0.0,,0.0,0.0,0.0,0.0,0.0,0.0,,,,0.0,,48.438396,66.000008,,0.0,,4.350278,13.28517926,0.0
20,黑龙江,1887,,,,0.0,0.0,,0.0,0.0,0.0,0.0,0.0,0.0,,,,0.0,,48.192516,69.000008,,0.0,,4.350278,13.28517926,0.0
20,黑龙江,1888,,,,0.0,0.0,,0.0,0.0,0.0,0.0,0.0,0.0,,,,0.0,,42.53727,70.000008,,0.0,,4.350278,13.28517926,0.0
20,黑龙江,1889,,,,0.0,0.0,,0.0,2.0,0.0,0.0,0.0,0.0,,,,0.0,,45.979591,71.000008,,0.0,,4.350278,13.28517926,0.0
20,黑龙江,1890,,,,0.0,0.0,,0.0,0.0,0.0,0.0,0.0,0.0,,,,0.0,,52.618359,75.000008,,0.0,,4.350278,13.28517926,0.0
20,黑龙江,1891,,,,0.0,0.0,,0.0,0.0,0.0,0.0,0.0,0.0,,,,0.0,,46.225471,71.000008,,0.0,,4.350278,13.28517926,0.0
20,黑龙江,1892,,,,0.0,0.0,,0.0,0.0,0.0,0.0,0.0,0.0,,,,0.0,,49.421917,66.000008,,0.0,,4.350278,13.28517926,0.0
20,黑龙江,1893,,,,0.0,0.0,,0.0,0.0,0.0,0.0,0.0,0.0,,,,0.0,,50.159557,71.000008,,0.0,,4.350278,13.28517926,0.0
20,黑龙江,1894,,,,0.0,0.0,,0.0,1.0,0.0,0.0,0.0,0.0,,,,0.0,,49.667797,74.000008,,0.0,,4.350278,13.28517926,0.0
20,黑龙江,1895,,,,0.0,0.0,,0.0,0.0,1.0,0.0,0.0,0.0,,,,0.0,,51.880718,71.000008,,0.0,,4.350278,13.28517926,0.0
20,黑龙江,1896,,,,0.0,0.0,,0.0,0.0,0.0,1.0,0.0,1.0,,,,0.0,,69.625519,72.000008,,0.0,,4.350278,13.28517926,0.0
20,黑龙江,1897,,,,0.0,0.0,,0.0,1.0,0.0,0.0,0.0,0.0,,,,0.0,,65.46463,79.000008,,0.0,,4.350278,13.28517926,0.0
20,黑龙江,1898,,,,0.0,0.0,,0.0,2.0,1.0,0.0,0.0,0.0,,,,0.0,,81.137306,84.000008,,0.0,,4.350278,13.28517926,0.0
20,黑龙江,1899,,,,0.0,0.0,,0.0,3.0,0.0,0.0,0.0,0.0,,,,0.0,,66.574203,93.000008,,0.0,,4.350278,13.28517926,0.0
20,黑龙江,1900,,,,0.0,0.0,,1.0,1.0,0.0,0.0,0.0,0.0,,,,0.0,,61.858528,87.000008,,0.0,,4.350278,13.28517926,0.0
20,黑龙江,1901,,,,0.0,0.0,,1.0,0.0,1.0,0.0,0.0,0.0,,,,0.0,,65.742027,81.000008,,0.0,,4.350278,13.28517926,0.0
20,黑龙江,1902,,,,0.0,0.0,,1.0,1.0,0.0,0.0,0.0,0.0,,,,0.0,,92.371704,97.000008,,0.0,,4.350278,13.28517926,0.0
20,黑龙江,1903,,,,0.0,0.0,,1.0,1.0,0.0,0.0,0.0,0.0,,,,0.0,,87.517334,103.00001,,0.0,,4.350278,13.28517926,0.0
20,黑龙江,1904,,,,0.0,1.0,,1.0,1.0,3.0,0.0,0.0,0.0,,,,0.0,,76.005547,99.000008,,0.0,,4.350278,13.28517926,0.0
20,黑龙江,1905,,,,0.0,0.0,,1.0,1.0,0.0,0.0,0.0,0.0,,,,1.0,,59.778088,111.00001,,0.0,,4.350278,13.28517926,0.0
20,黑龙江,1906,,,,0.0,0.0,,1.0,2.0,2.0,0.0,0.0,0.0,,,,1.0,,81.276009,100.00001,,0.0,,4.350278,13.28517926,0.0
20,黑龙江,1907,0.0,0.0,0.0,0.0,0.0,,1.0,3.0,0.0,0.0,0.0,0.0,,,,2.0,,104.16089,104.00001,,2.0,,4.350278,13.28517926,0.0
20,黑龙江,1908,1.0,0.0,0.0,0.0,0.0,,1.0,4.0,1.0,0.0,0.0,1.0,,,,2.0,,97.919556,110.00001,,2.0,,4.350278,13.28517926,0.0
20,黑龙江,1909,0.0,1.0,1.0,0.0,0.0,,1.0,1.0,2.0,0.0,0.0,0.0,,,,2.0,,78.085991,111.00001,,2.0,,4.350278,13.28517926,0.0
20,黑龙江,1910,0.0,0.0,1.0,0.0,0.0,,1.0,1.0,0.0,0.0,0.0,1.0,,,,2.0,,99.167824,102.00001,,3.0,,4.350278,13.28517926,0.0
20,黑龙江,1911,4.0,0.0,1.0,0.0,0.0,,1.0,4.0,0.0,0.0,0.0,0.0,,,1.0,2.0,,110.67961,106.00001,,3.0,,4.350278,13.28517926,0.0
21,吉林,1881,,,0.0,0.0,0.0,,0.0,0.0,0.0,0.0,0.0,0.0,,,,0.0,,32.702065,64.000008,,0.0,,5.548687,12.56737686,0.0
21,吉林,1882,,,0.0,0.0,0.0,,0.0,1.0,0.0,0.0,0.0,0.0,,,,0.0,,40.078468,64.000008,,0.0,,5.548687,12.56737686,0.0
21,吉林,1883,,,0.0,0.0,0.0,,0.0,1.0,0.0,0.0,0.0,0.0,,,,0.0,,44.01255,61.000008,,0.0,,5.548687,12.56737686,0.0
21,吉林,1884,,,0.0,0.0,0.0,,0.0,0.0,0.0,0.0,0.0,0.0,,,,0.0,,41.553749,62.000008,,0.0,,5.548687,12.56737686,0.0
21,吉林,1885,,,0.0,0.0,0.0,,0.0,0.0,0.0,0.0,0.0,0.0,,,,0.0,,39.094948,63.000008,,0.0,,5.548687,12.56737686,0.0
21,吉林,1886,,,0.0,0.0,0.0,,0.0,0.0,0.0,0.0,0.0,0.0,,,,0.0,,48.438396,66.000008,,0.0,,5.548687,12.56737686,0.0
21,吉林,1887,,,0.0,0.0,0.0,,0.0,0.0,0.0,0.0,0.0,0.0,,,,0.0,,48.192516,69.000008,,0.0,,5.548687,12.56737686,0.0
21,吉林,1888,,,0.0,0.0,0.0,,0.0,0.0,0.0,0.0,0.0,0.0,,,,0.0,,42.53727,70.000008,,0.0,,5.548687,12.56737686,0.0
21,吉林,1889,,,0.0,0.0,0.0,,0.0,0.0,0.0,0.0,0.0,0.0,,,,0.0,,45.979591,71.000008,,0.0,,5.548687,12.56737686,0.0
21,吉林,1890,,,0.0,0.0,0.0,,0.0,1.0,0.0,0.0,0.0,1.0,,,,0.0,,52.618359,75.000008,,0.0,,5.548687,12.56737686,0.0
21,吉林,1891,,,0.0,0.0,0.0,,0.0,1.0,0.0,0.0,0.0,0.0,,,,0.0,,46.225471,71.000008,,0.0,,5.548687,12.56737686,0.0
21,吉林,1892,,,0.0,0.0,0.0,,0.0,0.0,0.0,0.0,0.0,0.0,,,,0.0,,49.421917,66.000008,,0.0,,5.548687,12.56737686,0.0
21,吉林,1893,,,0.0,0.0,0.0,,0.0,0.0,0.0,0.0,0.0,0.0,,,1.0,0.0,,50.159557,71.000008,,0.0,,5.548687,12.56737686,0.0
21,吉林,1894,,,0.0,0.0,0.0,,0.0,0.0,0.0,0.0,0.0,0.0,,,,0.0,,49.667797,74.000008,,0.0,,5.548687,12.56737686,0.0
21,吉林,1895,,,0.0,0.0,0.0,,0.0,0.0,0.0,0.0,0.0,0.0,,,,0.0,,51.880718,71.000008,,0.0,,5.548687,12.56737686,0.0
21,吉林,1896,,,0.0,0.0,0.0,,0.0,1.0,0.0,0.0,0.0,0.0,,,,0.0,,69.625519,72.000008,,0.0,,5.548687,12.56737686,0.0
21,吉林,1897,,,0.0,0.0,0.0,,0.0,0.0,0.0,0.0,0.0,0.0,,,,0.0,,65.46463,79.000008,,0.0,,5.548687,12.56737686,0.0
21,吉林,1898,,,0.0,0.0,0.0,,0.0,1.0,0.0,0.0,0.0,0.0,,,,0.0,,81.137306,84.000008,,0.0,,5.548687,12.56737686,0.0
21,吉林,1899,,,0.0,0.0,0.0,,0.0,0.0,0.0,0.0,0.0,0.0,,,,0.0,,66.574203,93.000008,,0.0,,5.548687,12.56737686,0.0
21,吉林,1900,,,0.0,0.0,0.0,,1.0,0.0,0.0,1.0,0.0,0.0,,,,0.0,,61.858528,87.000008,,0.0,,5.548687,12.56737686,0.0
21,吉林,1901,,,0.0,0.0,0.0,,1.0,0.0,0.0,1.0,0.0,0.0,,,,0.0,,65.742027,81.000008,,0.0,,5.548687,12.56737686,0.0
21,吉林,1902,,,0.0,0.0,0.0,,1.0,0.0,0.0,0.0,0.0,0.0,,,,0.0,,92.371704,97.000008,,0.0,,5.548687,12.56737686,0.0
21,吉林,1903,,,0.0,0.0,0.0,,1.0,0.0,0.0,0.0,0.0,0.0,,,,0.0,,87.517334,103.00001,,0.0,,5.548687,12.56737686,0.0
21,吉林,1904,,,0.0,0.0,0.0,,1.0,0.0,0.0,0.0,0.0,0.0,,,,0.0,,76.005547,99.000008,,0.0,,5.548687,12.56737686,0.0
21,吉林,1905,,,0.0,0.0,0.0,,1.0,0.0,0.0,0.0,0.0,0.0,,,,0.0,,59.778088,111.00001,,0.0,,5.548687,12.56737686,0.0
21,吉林,1906,,,0.0,0.0,0.0,,1.0,1.0,2.0,0.0,0.0,0.0,,,,0.0,,81.276009,100.00001,,0.0,,5.548687,12.56737686,0.0
21,吉林,1907,0.0,0.0,0.0,0.0,0.0,,1.0,1.0,0.0,0.0,0.0,0.0,,,,0.0,,104.16089,104.00001,,4.0,,5.548687,12.56737686,0.0
21,吉林,1908,0.0,0.0,0.0,0.0,0.0,,1.0,2.0,0.0,0.0,0.0,0.0,,,,1.0,2.0,97.919556,110.00001,,4.0,,5.548687,12.56737686,0.0
21,吉林,1909,0.0,1.0,1.0,1.0,0.0,,1.0,0.0,1.0,0.0,0.0,1.0,,,,2.0,,78.085991,111.00001,,10.0,,5.548687,12.56737686,0.0
21,吉林,1910,0.0,0.0,1.0,0.0,0.0,1.0,1.0,3.0,0.0,0.0,0.0,0.0,,,,4.0,,99.167824,102.00001,,10.0,,5.548687,12.56737686,0.0
21,吉林,1911,4.0,1.0,2.0,0.0,0.0,,1.0,1.0,0.0,0.0,0.0,0.0,,,1.0,4.0,,110.67961,106.00001,,10.0,,5.548687,12.56737686,0.0
22,新疆,1881,,,,0.0,0.0,,0.0,0.0,0.0,0.0,0.0,0.0,,,,0.0,,32.702065,64.000008,,6.0,,4.935911,14.37186389,0.0
22,新疆,1882,,,,0.0,0.0,,0.0,0.0,0.0,0.0,0.0,0.0,,,,0.0,,40.078468,64.000008,,6.0,,4.935911,14.37186389,0.0
22,新疆,1883,,,,0.0,0.0,,0.0,0.0,0.0,0.0,0.0,0.0,,,,0.0,,44.01255,61.000008,,6.0,,4.935911,14.37186389,0.0
22,新疆,1884,0.0,0.0,0.0,0.0,0.0,,0.0,0.0,0.0,0.0,0.0,0.0,,,,0.0,,41.553749,62.000008,,6.0,,4.935911,14.37186389,0.0
22,新疆,1885,0.0,0.0,0.0,0.0,0.0,,0.0,2.0,0.0,0.0,0.0,0.0,,,,0.0,,39.094948,63.000008,,6.0,,4.935911,14.37186389,0.0
22,新疆,1886,0.0,0.0,0.0,0.0,0.0,,0.0,1.0,0.0,0.0,0.0,0.0,,,,0.0,,48.438396,66.000008,,6.0,,4.935911,14.37186389,0.0
22,新疆,1887,0.0,0.0,0.0,0.0,0.0,,0.0,0.0,0.0,0.0,0.0,1.0,,,,0.0,,48.192516,69.000008,,6.0,,4.935911,14.37186389,0.0
22,新疆,1888,0.0,0.0,0.0,0.0,0.0,,0.0,0.0,0.0,0.0,0.0,0.0,,,,0.0,,42.53727,70.000008,,6.0,,4.935911,14.37186389,0.0
22,新疆,1889,0.0,0.0,0.0,0.0,0.0,,0.0,2.0,0.0,0.0,0.0,0.0,,1.0,,0.0,,45.979591,71.000008,,6.0,,4.935911,14.37186389,0.0
22,新疆,1890,0.0,0.0,0.0,0.0,0.0,,0.0,1.0,0.0,0.0,0.0,0.0,,,,0.0,,52.618359,75.000008,,6.0,,4.935911,14.37186389,0.0
22,新疆,1891,0.0,0.0,0.0,0.0,0.0,,0.0,0.0,0.0,0.0,0.0,0.0,,,,0.0,,46.225471,71.000008,,6.0,,4.935911,14.37186389,0.0
22,新疆,1892,0.0,0.0,0.0,0.0,0.0,,0.0,0.0,0.0,0.0,1.0,2.0,,,1.0,0.0,,49.421917,66.000008,,6.0,,4.935911,14.37186389,0.0
22,新疆,1893,0.0,0.0,0.0,0.0,0.0,,0.0,0.0,0.0,0.0,1.0,0.0,,1.0,,0.0,,50.159557,71.000008,,6.0,,4.935911,14.37186389,0.0
22,新疆,1894,0.0,0.0,0.0,0.0,0.0,,0.0,0.0,0.0,0.0,0.0,0.0,,,,0.0,,49.667797,74.000008,,6.0,,4.935911,14.37186389,0.0
22,新疆,1895,0.0,0.0,0.0,0.0,0.0,,0.0,0.0,0.0,0.0,0.0,0.0,,1.0,,0.0,,51.880718,71.000008,,6.0,,4.935911,14.37186389,0.0
22,新疆,1896,1.0,0.0,0.0,0.0,0.0,,0.0,0.0,0.0,0.0,0.0,0.0,,,,0.0,,69.625519,72.000008,,6.0,,4.935911,14.37186389,0.0
22,新疆,1897,0.0,0.0,0.0,0.0,0.0,,0.0,0.0,0.0,0.0,0.0,0.0,,,1.0,0.0,,65.46463,79.000008,,6.0,,4.935911,14.37186389,0.0
22,新疆,1898,0.0,0.0,0.0,0.0,0.0,,0.0,1.0,0.0,0.0,0.0,1.0,,1.0,1.0,0.0,,81.137306,84.000008,,6.0,,4.935911,14.37186389,0.0
22,新疆,1899,1.0,0.0,0.0,0.0,0.0,,0.0,0.0,0.0,0.0,0.0,0.0,,,,0.0,,66.574203,93.000008,,6.0,,4.935911,14.37186389,0.0
22,新疆,1900,2.0,0.0,0.0,0.0,0.0,,1.0,0.0,0.0,0.0,0.0,0.0,,,,0.0,,61.858528,87.000008,,6.0,,4.935911,14.37186389,0.0
22,新疆,1901,1.0,0.0,0.0,0.0,0.0,,1.0,0.0,0.0,0.0,0.0,0.0,,,,0.0,,65.742027,81.000008,,6.0,,4.935911,14.37186389,0.0
22,新疆,1902,4.0,0.0,0.0,0.0,0.0,,1.0,0.0,0.0,0.0,0.0,0.0,,,,0.0,,92.371704,97.000008,,6.0,,4.935911,14.37186389,0.0
22,新疆,1903,0.0,0.0,0.0,0.0,0.0,,1.0,0.0,0.0,0.0,0.0,0.0,,,1.0,0.0,,87.517334,103.00001,,6.0,,4.935911,14.37186389,0.0
22,新疆,1904,1.0,0.0,0.0,0.0,0.0,,1.0,0.0,0.0,0.0,0.0,0.0,,,,0.0,,76.005547,99.000008,,6.0,,4.935911,14.37186389,0.0
22,新疆,1905,0.0,0.0,0.0,0.0,0.0,,1.0,1.0,0.0,0.0,0.0,0.0,,,1.0,0.0,,59.778088,111.00001,,6.0,,4.935911,14.37186389,0.0
22,新疆,1906,1.0,0.0,0.0,0.0,0.0,,1.0,1.0,0.0,0.0,0.0,0.0,,,,0.0,,81.276009,100.00001,,6.0,,4.935911,14.37186389,0.0
22,新疆,1907,0.0,0.0,0.0,0.0,0.0,,1.0,1.0,0.0,0.0,0.0,0.0,,,,0.0,,104.16089,104.00001,,6.0,,4.935911,14.37186389,0.0
22,新疆,1908,0.0,0.0,0.0,0.0,0.0,,1.0,0.0,0.0,0.0,0.0,0.0,,,,0.0,,97.919556,110.00001,,6.0,,4.935911,14.37186389,0.0
22,新疆,1909,0.0,0.0,0.0,0.0,0.0,,1.0,1.0,0.0,0.0,0.0,0.0,,,,0.0,,78.085991,111.00001,,6.0,,4.935911,14.37186389,0.0
22,新疆,1910,0.0,0.0,0.0,0.0,0.0,,1.0,1.0,0.0,0.0,0.0,0.0,,,,0.0,,99.167824,102.00001,,6.0,,4.935911,14.37186389,0.0
22,新疆,1911,5.0,1.0,1.0,0.0,0.0,,1.0,0.0,0.0,0.0,0.0,0.0,,,,0.0,,110.67961,106.00001,,6.0,,4.935911,14.37186389,0.0
23,香港,1881,,,,0.0,0.0,,,0.0,0.0,0.0,0.0,0.0,,,,,,,,,,,,,
23,香港,1882,,,,0.0,0.0,,,0.0,0.0,0.0,0.0,0.0,,,,,,,,,,,,,
23,香港,1883,,,,0.0,0.0,,,0.0,0.0,0.0,0.0,0.0,,,,,,,,,,,,,
23,香港,1884,,,,0.0,0.0,,,0.0,0.0,0.0,0.0,0.0,,,,,,,,,,,,,
23,香港,1885,,,,0.0,0.0,,,0.0,0.0,0.0,0.0,0.0,,,,,,,,,,,,,
23,香港,1886,,,,0.0,0.0,,,0.0,0.0,0.0,0.0,0.0,,,,,,,,,,,,,
23,香港,1887,,1.0,1.0,0.0,0.0,,0.0,1.0,0.0,0.0,0.0,0.0,,,,,,,,,,,,,
23,香港,1888,,,,0.0,0.0,,,0.0,0.0,0.0,0.0,0.0,,,,,,,,,,,,,
23,香港,1889,,,,0.0,0.0,,,0.0,0.0,0.0,0.0,0.0,,,,,,,,,,,,,
23,香港,1890,,1.0,2.0,0.0,0.0,,0.0,0.0,0.0,0.0,0.0,0.0,,,,,,,,,,,,,
23,香港,1891,,,,0.0,0.0,,,0.0,0.0,0.0,0.0,0.0,,,,,,,,,,,,,
23,香港,1892,,,,0.0,0.0,,,0.0,0.0,0.0,0.0,0.0,,,,,,,,,,,,,
23,香港,1893,,,,0.0,0.0,,0.0,1.0,0.0,0.0,0.0,0.0,,,,,,,,,,,,,
23,香港,1894,,,,0.0,0.0,,,0.0,0.0,0.0,0.0,0.0,,,,,,,,,,,,,
23,香港,1895,,2.0,4.0,0.0,0.0,,0.0,0.0,0.0,0.0,0.0,0.0,,,,,,,,,,,,,
23,香港,1896,,,,0.0,0.0,,,0.0,0.0,0.0,0.0,0.0,,,,,,,,,,,,,
23,香港,1897,,,,0.0,0.0,,,0.0,0.0,0.0,0.0,0.0,,,,,,,,,,,,,
23,香港,1898,,,,0.0,0.0,,,1.0,0.0,0.0,0.0,0.0,,,,,,,,,,,,,
23,香港,1899,,1.0,5.0,1.0,0.0,,0.0,0.0,0.0,0.0,0.0,0.0,,,,,,,,,,,,,
23,香港,1900,,4.0,9.0,0.0,0.0,,1.0,3.0,0.0,0.0,0.0,0.0,,,,,,,,,,,,,
23,香港,1901,,1.0,10.0,0.0,0.0,,1.0,1.0,0.0,0.0,0.0,0.0,,,,,,,,,,,,,
23,香港,1902,,1.0,11.0,0.0,0.0,,1.0,0.0,0.0,0.0,0.0,0.0,,,,,,,,,,,,,
23,香港,1903,,1.0,12.0,0.0,0.0,,1.0,0.0,0.0,0.0,0.0,0.0,,,,,,,,,,,,,
23,香港,1904,,1.0,13.0,0.0,0.0,,1.0,1.0,0.0,0.0,0.0,0.0,,,,,,,,,,,,,
23,香港,1905,,4.0,17.0,0.0,0.0,,1.0,0.0,0.0,0.0,0.0,0.0,,,,,,,,,,,,,
23,香港,1906,,3.0,20.0,0.0,0.0,,1.0,0.0,1.0,0.0,0.0,0.0,,,,,,,,,,,,,
23,香港,1907,,5.0,25.0,0.0,0.0,,1.0,0.0,0.0,0.0,0.0,0.0,,,,,,,,,,,,,
23,香港,1908,,5.0,30.0,0.0,0.0,1.0,1.0,0.0,0.0,0.0,0.0,0.0,,,,,,,,,,,,,
23,香港,1909,,8.0,38.0,0.0,0.0,,1.0,0.0,0.0,0.0,0.0,0.0,,,,,,,,,,,,,
23,香港,1910,,2.0,40.0,0.0,0.0,,1.0,0.0,0.0,0.0,0.0,0.0,,,,,,,,,,,,,
23,香港,1911,,4.0,44.0,0.0,0.0,,1.0,0.0,0.0,0.0,0.0,0.0,,,,,,,,,,,,,
24,澳门,1892,,1.0,1.0,0.0,0.0,,0.0,0.0,0.0,0.0,0.0,0.0,,,,,,,,,,,,,
24,澳门,1907,,2.0,3.0,0.0,0.0,,1.0,0.0,0.0,0.0,0.0,0.0,,,,,,,,,,,,,
25,台湾,1881,,,,0.0,0.0,,0.0,0.0,0.0,0.0,0.0,0.0,,,,,,,,,2.0,,,,
25,台湾,1882,,,,0.0,0.0,,0.0,0.0,0.0,0.0,0.0,0.0,,,,,,,,,2.0,,,,
25,台湾,1883,,,,0.0,0.0,,0.0,0.0,0.0,0.0,0.0,0.0,,,,,,,,,2.0,,,,
25,台湾,1884,,,,0.0,0.0,,0.0,0.0,0.0,0.0,0.0,0.0,1.0,,,,,,,,2.0,,,,
25,台湾,1885,0.0,0.0,0.0,0.0,0.0,,0.0,2.0,0.0,0.0,0.0,0.0,,,,,,,,,2.0,,,,
25,台湾,1886,0.0,0.0,0.0,0.0,0.0,,0.0,0.0,0.0,0.0,0.0,0.0,,,,,,,,,2.0,,,,
25,台湾,1887,0.0,0.0,0.0,0.0,0.0,,0.0,2.0,0.0,0.0,0.0,0.0,,,,,1.0,,,,2.0,,,,
25,台湾,1888,0.0,0.0,0.0,0.0,0.0,,0.0,1.0,0.0,0.0,0.0,0.0,,,,,,,,,2.0,,,,
25,台湾,1889,1.0,0.0,0.0,0.0,0.0,,0.0,2.0,0.0,0.0,0.0,0.0,,,,,,,,,2.0,,,,
25,台湾,1890,0.0,0.0,0.0,0.0,0.0,,0.0,3.0,0.0,0.0,0.0,0.0,,,,,,,,,2.0,,,,
25,台湾,1891,0.0,0.0,0.0,0.0,0.0,,0.0,0.0,0.0,0.0,0.0,0.0,,,,,,,,,2.0,,,,
25,台湾,1892,0.0,0.0,0.0,0.0,0.0,,0.0,0.0,0.0,0.0,0.0,0.0,1.0,,,,,,,,2.0,,,,
25,台湾,1893,0.0,0.0,0.0,0.0,0.0,,0.0,2.0,0.0,0.0,0.0,0.0,,,,,,,,,2.0,,,,
25,台湾,1894,9.0,0.0,0.0,0.0,0.0,,0.0,0.0,0.0,0.0,0.0,1.0,,,,,,,,,2.0,,,,
25,台湾,1895,0.0,0.0,0.0,0.0,0.0,,0.0,1.0,1.0,0.0,0.0,0.0,,,,,,,,,2.0,,,,
25,台湾,1896,,,,0.0,0.0,,0.0,0.0,2.0,0.0,0.0,0.0,,,,,,,,,2.0,,,,
25,台湾,1897,,,,0.0,0.0,,0.0,0.0,1.0,0.0,0.0,0.0,,1.0,,,,,,,2.0,,,,
25,台湾,1898,,,,0.0,0.0,,0.0,0.0,0.0,0.0,0.0,0.0,,,,,,,,,2.0,,,,
25,台湾,1899,,,,0.0,0.0,,0.0,2.0,0.0,0.0,0.0,0.0,,,,,,,,,2.0,,,,
25,台湾,1900,,,,0.0,0.0,,1.0,0.0,0.0,0.0,0.0,0.0,,,,,,,,,2.0,,,,
25,台湾,1901,,,,0.0,0.0,,1.0,0.0,0.0,0.0,0.0,0.0,,,,,,,,,2.0,,,,
25,台湾,1902,,,,0.0,0.0,,1.0,0.0,1.0,0.0,0.0,0.0,,,,,,,,,2.0,,,,
25,台湾,1903,,,,0.0,0.0,,1.0,1.0,0.0,0.0,0.0,0.0,,,1.0,,,,,,2.0,,,,
25,台湾,1904,,,,0.0,0.0,,1.0,1.0,0.0,0.0,0.0,0.0,,1.0,,,,,,,2.0,,,,
25,台湾,1905,,,,0.0,0.0,,1.0,2.0,0.0,0.0,0.0,0.0,,,,,,,,,2.0,,,,
25,台湾,1906,,,,0.0,0.0,,1.0,0.0,1.0,0.0,0.0,0.0,1.0,2.0,,,,,,,2.0,,,,
25,台湾,1907,,,,0.0,0.0,,1.0,0.0,3.0,0.0,0.0,0.0,,,,,,,,,2.0,,,,
25,台湾,1908,,,,0.0,0.0,,1.0,0.0,0.0,0.0,0.0,0.0,,,,,,,,,2.0,,,,
25,台湾,1909,,,,0.0,0.0,,1.0,0.0,0.0,0.0,0.0,0.0,,,,,,,,,2.0,,,,
25,台湾,1910,,,,0.0,0.0,,1.0,4.0,1.0,0.0,0.0,0.0,,,,,,,,,2.0,,,,
25,台湾,1911,,,,0.0,0.0,,1.0,0.0,4.0,0.0,0.0,1.0,,,,,,,,,2.0,,,,
26,海外,1894,,3.0,3.0,0.0,0.0,,0.0,0.0,0.0,0.0,0.0,0.0,,,,,,,,,2.0,,,,
26,海外,1895,,1.0,4.0,0.0,0.0,,0.0,0.0,0.0,0.0,0.0,0.0,,,,,,,,,,,,,
26,海外,1896,,7.0,11.0,0.0,0.0,,0.0,0.0,0.0,0.0,0.0,0.0,,,,,,,,,,,,,
26,海外,1897,,2.0,13.0,0.0,0.0,,0.0,0.0,0.0,0.0,0.0,0.0,,,,,,,,,,,,,
26,海外,1898,,4.0,17.0,0.0,0.0,,0.0,0.0,0.0,0.0,0.0,0.0,,,,,,,,,,,,,
26,海外,1899,,5.0,22.0,0.0,0.0,,0.0,0.0,0.0,0.0,0.0,0.0,,,,,,,,,,,,,
26,海外,1900,,4.0,26.0,0.0,0.0,,1.0,0.0,0.0,0.0,0.0,0.0,,,,,,,,,,,,,
26,海外,1901,,4.0,30.0,0.0,0.0,,1.0,0.0,0.0,0.0,0.0,0.0,,,,,,,,,,,,,
26,海外,1902,,8.0,38.0,0.0,0.0,,1.0,0.0,0.0,0.0,0.0,0.0,,,,,,,,,,,,,
26,海外,1903,,13.0,51.0,0.0,0.0,,1.0,0.0,0.0,0.0,0.0,0.0,,,,,,,,,,,,,
26,海外,1904,,13.0,64.0,0.0,0.0,,1.0,0.0,0.0,0.0,0.0,0.0,,,,,,,,,,,,,
26,海外,1905,,18.0,82.0,0.0,0.0,,1.0,0.0,0.0,0.0,0.0,0.0,,,,,,,,,,,,,
26,海外,1906,,25.0,107.0,0.0,0.0,,1.0,0.0,0.0,0.0,0.0,0.0,,,,,,,,,,,,,
26,海外,1907,,26.0,133.0,0.0,0.0,,1.0,0.0,0.0,0.0,0.0,0.0,,,,,,,,,,,,,
26,海外,1908,,175.0,308.0,0.0,0.0,,1.0,0.0,0.0,0.0,0.0,0.0,,,,,,,,,,,,,
26,海外,1909,,7.0,315.0,0.0,0.0,,1.0,0.0,0.0,0.0,0.0,0.0,,,,,,,,,,,,,
26,海外,1910,,45.0,360.0,0.0,0.0,,1.0,0.0,0.0,0.0,0.0,0.0,,,,,,,,,,,,,
26,海外,1911,,37.0,397.0,0.0,0.0,,1.0,0.0,0.0,0.0,0.0,0.0,,,,,,,,,,,,,
